filename,file_size,file_attributes,region_count,region_id,region_shape_attributes,region_attributes
1.jpg,166728,{},3,0,"{""name"":""rect"",""x"":1226,""y"":22,""width"":49,""height"":78}","{""Type"":""not_two_wheeler""}"
1.jpg,166728,{},3,1,"{""name"":""rect"",""x"":606,""y"":-1,""width"":60,""height"":28}","{""Type"":""not_two_wheeler""}"
1.jpg,166728,{},3,2,"{""name"":""rect"",""x"":670,""y"":-1,""width"":49,""height"":28}","{""Type"":""not_two_wheeler""}"
2.jpg,194787,{},6,0,"{""name"":""rect"",""x"":404,""y"":221,""width"":202,""height"":222}","{""Type"":""not_two_wheeler""}"
2.jpg,194787,{},6,1,"{""name"":""rect"",""x"":659,""y"":205,""width"":178,""height"":166}","{""Type"":""not_two_wheeler""}"
2.jpg,194787,{},6,2,"{""name"":""rect"",""x"":810,""y"":123,""width"":191,""height"":118}","{""Type"":""not_two_wheeler""}"
2.jpg,194787,{},6,3,"{""name"":""rect"",""x"":659,""y"":56,""width"":113,""height"":78}","{""Type"":""not_two_wheeler""}"
2.jpg,194787,{},6,4,"{""name"":""rect"",""x"":569,""y"":32,""width"":80,""height"":74}","{""Type"":""not_two_wheeler""}"
2.jpg,194787,{},6,5,"{""name"":""rect"",""x"":764,""y"":15,""width"":81,""height"":54}","{""Type"":""not_two_wheeler""}"
3.jpg,1308129,{},6,0,"{""name"":""rect"",""x"":275,""y"":354,""width"":300,""height"":335}","{""Type"":""not_two_wheeler""}"
3.jpg,1308129,{},6,1,"{""name"":""rect"",""x"":655,""y"":297,""width"":252,""height"":245}","{""Type"":""not_two_wheeler""}"
3.jpg,1308129,{},6,2,"{""name"":""rect"",""x"":852,""y"":169,""width"":222,""height"":160}","{""Type"":""not_two_wheeler""}"
3.jpg,1308129,{},6,3,"{""name"":""rect"",""x"":655,""y"":77,""width"":121,""height"":105}","{""Type"":""not_two_wheeler""}"
3.jpg,1308129,{},6,4,"{""name"":""rect"",""x"":555,""y"":51,""width"":89,""height"":81}","{""Type"":""not_two_wheeler""}"
3.jpg,1308129,{},6,5,"{""name"":""rect"",""x"":775,""y"":31,""width"":96,""height"":64}","{""Type"":""not_two_wheeler""}"
4.jpg,1400540,{},6,0,"{""name"":""rect"",""x"":661,""y"":508,""width"":381,""height"":207}","{""Type"":""not_two_wheeler""}"
4.jpg,1400540,{},6,1,"{""name"":""rect"",""x"":937,""y"":264,""width"":340,""height"":302}","{""Type"":""not_two_wheeler""}"
4.jpg,1400540,{},6,2,"{""name"":""rect"",""x"":644,""y"":119,""width"":158,""height"":136}","{""Type"":""not_two_wheeler""}"
4.jpg,1400540,{},6,3,"{""name"":""rect"",""x"":539,""y"":76,""width"":99,""height"":103}","{""Type"":""not_two_wheeler""}"
4.jpg,1400540,{},6,4,"{""name"":""rect"",""x"":778,""y"":53,""width"":123,""height"":82}","{""Type"":""not_two_wheeler""}"
4.jpg,1400540,{},6,5,"{""name"":""rect"",""x"":668,""y"":22,""width"":68,""height"":68}","{""Type"":""not_two_wheeler""}"
5.jpg,1411336,{},6,0,"{""name"":""rect"",""x"":646,""y"":326,""width"":282,""height"":329}","{""Type"":""not_two_wheeler""}"
5.jpg,1411336,{},6,1,"{""name"":""rect"",""x"":458,""y"":182,""width"":166,""height"":180}","{""Type"":""not_two_wheeler""}"
5.jpg,1411336,{},6,2,"{""name"":""rect"",""x"":854,""y"":137,""width"":180,""height"":151}","{""Type"":""not_two_wheeler""}"
5.jpg,1411336,{},6,3,"{""name"":""rect"",""x"":657,""y"":73,""width"":119,""height"":100}","{""Type"":""not_two_wheeler""}"
5.jpg,1411336,{},6,4,"{""name"":""rect"",""x"":759,""y"":10,""width"":74,""height"":60}","{""Type"":""not_two_wheeler""}"
5.jpg,1411336,{},6,5,"{""name"":""rect"",""x"":669,""y"":14,""width"":67,""height"":51}","{""Type"":""not_two_wheeler""}"
6.jpg,1424912,{},5,0,"{""name"":""rect"",""x"":282,""y"":344,""width"":320,""height"":359}","{""Type"":""not_two_wheeler""}"
6.jpg,1424912,{},5,1,"{""name"":""rect"",""x"":947,""y"":299,""width"":329,""height"":268}","{""Type"":""not_two_wheeler""}"
6.jpg,1424912,{},5,2,"{""name"":""rect"",""x"":653,""y"":132,""width"":159,""height"":140}","{""Type"":""not_two_wheeler""}"
6.jpg,1424912,{},5,3,"{""name"":""rect"",""x"":774,""y"":28,""width"":94,""height"":80}","{""Type"":""not_two_wheeler""}"
6.jpg,1424912,{},5,4,"{""name"":""rect"",""x"":662,""y"":31,""width"":81,""height"":71}","{""Type"":""not_two_wheeler""}"
7.jpg,1293510,{},5,0,"{""name"":""rect"",""x"":639,""y"":362,""width"":345,""height"":348}","{""Type"":""not_two_wheeler""}"
7.jpg,1293510,{},5,1,"{""name"":""rect"",""x"":806,""y"":87,""width"":167,""height"":118}","{""Type"":""not_two_wheeler""}"
7.jpg,1293510,{},5,2,"{""name"":""rect"",""x"":661,""y"":82,""width"":113,""height"":112}","{""Type"":""not_two_wheeler""}"
7.jpg,1293510,{},5,3,"{""name"":""rect"",""x"":752,""y"":14,""width"":104,""height"":59}","{""Type"":""not_two_wheeler""}"
7.jpg,1293510,{},5,4,"{""name"":""rect"",""x"":675,""y"":0,""width"":71,""height"":49}","{""Type"":""not_two_wheeler""}"
8.jpg,1325597,{},6,0,"{""name"":""rect"",""x"":964,""y"":286,""width"":312,""height"":285}","{""Type"":""not_two_wheeler""}"
8.jpg,1325597,{},6,1,"{""name"":""rect"",""x"":668,""y"":257,""width"":239,""height"":202}","{""Type"":""not_two_wheeler""}"
8.jpg,1325597,{},6,2,"{""name"":""rect"",""x"":792,""y"":69,""width"":131,""height"":100}","{""Type"":""not_two_wheeler""}"
8.jpg,1325597,{},6,3,"{""name"":""rect"",""x"":679,""y"":31,""width"":81,""height"":74}","{""Type"":""not_two_wheeler""}"
8.jpg,1325597,{},6,4,"{""name"":""rect"",""x"":606,""y"":4,""width"":51,""height"":55}","{""Type"":""not_two_wheeler""}"
8.jpg,1325597,{},6,5,"{""name"":""rect"",""x"":42,""y"":1,""width"":103,""height"":28}","{""Type"":""not_two_wheeler""}"
9.jpg,1273710,{},6,0,"{""name"":""rect"",""x"":944,""y"":262,""width"":315,""height"":280}","{""Type"":""not_two_wheeler""}"
9.jpg,1273710,{},6,1,"{""name"":""rect"",""x"":674,""y"":110,""width"":145,""height"":123}","{""Type"":""not_two_wheeler""}"
9.jpg,1273710,{},6,2,"{""name"":""rect"",""x"":585,""y"":48,""width"":74,""height"":68}","{""Type"":""not_two_wheeler""}"
9.jpg,1273710,{},6,3,"{""name"":""rect"",""x"":675,""y"":26,""width"":95,""height"":76}","{""Type"":""not_two_wheeler""}"
9.jpg,1273710,{},6,4,"{""name"":""rect"",""x"":768,""y"":0,""width"":67,""height"":51}","{""Type"":""not_two_wheeler""}"
9.jpg,1273710,{},6,5,"{""name"":""rect"",""x"":620,""y"":3,""width"":62,""height"":51}","{""Type"":""not_two_wheeler""}"
10.jpg,1354031,{},6,0,"{""name"":""rect"",""x"":653,""y"":307,""width"":290,""height"":280}","{""Type"":""not_two_wheeler""}"
10.jpg,1354031,{},6,1,"{""name"":""rect"",""x"":553,""y"":126,""width"":101,""height"":104}","{""Type"":""not_two_wheeler""}"
10.jpg,1354031,{},6,2,"{""name"":""rect"",""x"":668,""y"":100,""width"":145,""height"":117}","{""Type"":""not_two_wheeler""}"
10.jpg,1354031,{},6,3,"{""name"":""rect"",""x"":782,""y"":41,""width"":105,""height"":91}","{""Type"":""not_two_wheeler""}"
10.jpg,1354031,{},6,4,"{""name"":""rect"",""x"":593,""y"":67,""width"":86,""height"":58}","{""Type"":""not_two_wheeler""}"
10.jpg,1354031,{},6,5,"{""name"":""rect"",""x"":745,""y"":0,""width"":59,""height"":46}","{""Type"":""not_two_wheeler""}"
11.jpg,1495049,{},8,0,"{""name"":""rect"",""x"":497,""y"":245,""width"":173,""height"":153}","{""Type"":""not_two_wheeler""}"
11.jpg,1495049,{},8,1,"{""name"":""rect"",""x"":668,""y"":211,""width"":199,""height"":166}","{""Type"":""not_two_wheeler""}"
11.jpg,1495049,{},8,2,"{""name"":""rect"",""x"":811,""y"":125,""width"":150,""height"":94}","{""Type"":""not_two_wheeler""}"
11.jpg,1495049,{},8,3,"{""name"":""rect"",""x"":566,""y"":125,""width"":112,""height"":91}","{""Type"":""not_two_wheeler""}"
11.jpg,1495049,{},8,4,"{""name"":""rect"",""x"":755,""y"":44,""width"":77,""height"":50}","{""Type"":""not_two_wheeler""}"
11.jpg,1495049,{},8,5,"{""name"":""rect"",""x"":49,""y"":14,""width"":94,""height"":60}","{""Type"":""not_two_wheeler""}"
11.jpg,1495049,{},8,6,"{""name"":""rect"",""x"":221,""y"":1,""width"":59,""height"":48}","{""Type"":""not_two_wheeler""}"
11.jpg,1495049,{},8,7,"{""name"":""rect"",""x"":1236,""y"":62,""width"":39,""height"":68}","{""Type"":""not_two_wheeler""}"
12.jpg,1605444,{},6,0,"{""name"":""rect"",""x"":390,""y"":401,""width"":251,""height"":281}","{""Type"":""not_two_wheeler""}"
12.jpg,1605444,{},6,1,"{""name"":""rect"",""x"":657,""y"":353,""width"":340,""height"":326}","{""Type"":""not_two_wheeler""}"
12.jpg,1605444,{},6,2,"{""name"":""rect"",""x"":539,""y"":183,""width"":122,""height"":123}","{""Type"":""not_two_wheeler""}"
12.jpg,1605444,{},6,3,"{""name"":""rect"",""x"":845,""y"":193,""width"":214,""height"":144}","{""Type"":""not_two_wheeler""}"
12.jpg,1605444,{},6,4,"{""name"":""rect"",""x"":769,""y"":68,""width"":91,""height"":75}","{""Type"":""not_two_wheeler""}"
12.jpg,1605444,{},6,5,"{""name"":""rect"",""x"":50,""y"":34,""width"":99,""height"":58}","{""Type"":""not_two_wheeler""}"
13.jpg,1718488,{},6,0,"{""name"":""rect"",""x"":974,""y"":335,""width"":303,""height"":264}","{""Type"":""not_two_wheeler""}"
13.jpg,1718488,{},6,1,"{""name"":""rect"",""x"":498,""y"":280,""width"":163,""height"":173}","{""Type"":""not_two_wheeler""}"
13.jpg,1718488,{},6,2,"{""name"":""rect"",""x"":779,""y"":104,""width"":108,""height"":77}","{""Type"":""not_two_wheeler""}"
13.jpg,1718488,{},6,3,"{""name"":""rect"",""x"":688,""y"":80,""width"":59,""height"":55}","{""Type"":""not_two_wheeler""}"
13.jpg,1718488,{},6,4,"{""name"":""rect"",""x"":547,""y"":78,""width"":72,""height"":55}","{""Type"":""not_two_wheeler""}"
13.jpg,1718488,{},6,5,"{""name"":""rect"",""x"":221,""y"":33,""width"":65,""height"":41}","{""Type"":""not_two_wheeler""}"
14.jpg,1838754,{},6,0,"{""name"":""rect"",""x"":906,""y"":279,""width"":261,""height"":212}","{""Type"":""not_two_wheeler""}"
14.jpg,1838754,{},6,1,"{""name"":""rect"",""x"":679,""y"":166,""width"":116,""height"":87}","{""Type"":""not_two_wheeler""}"
14.jpg,1838754,{},6,2,"{""name"":""rect"",""x"":763,""y"":114,""width"":109,""height"":69}","{""Type"":""not_two_wheeler""}"
14.jpg,1838754,{},6,3,"{""name"":""rect"",""x"":480,""y"":144,""width"":94,""height"":72}","{""Type"":""not_two_wheeler""}"
14.jpg,1838754,{},6,4,"{""name"":""rect"",""x"":49,""y"":67,""width"":101,""height"":58}","{""Type"":""not_two_wheeler""}"
14.jpg,1838754,{},6,5,"{""name"":""rect"",""x"":677,""y"":78,""width"":58,""height"":48}","{""Type"":""not_two_wheeler""}"
15.jpg,1738453,{},8,0,"{""name"":""rect"",""x"":300,""y"":271,""width"":171,""height"":146}","{""Type"":""not_two_wheeler""}"
15.jpg,1738453,{},8,1,"{""name"":""rect"",""x"":678,""y"":356,""width"":209,""height"":172}","{""Type"":""not_two_wheeler""}"
15.jpg,1738453,{},8,2,"{""name"":""rect"",""x"":869,""y"":255,""width"":205,""height"":122}","{""Type"":""not_two_wheeler""}"
15.jpg,1738453,{},8,3,"{""name"":""rect"",""x"":684,""y"":136,""width"":81,""height"":67}","{""Type"":""not_two_wheeler""}"
15.jpg,1738453,{},8,4,"{""name"":""rect"",""x"":799,""y"":10,""width"":81,""height"":60}","{""Type"":""not_two_wheeler""}"
15.jpg,1738453,{},8,5,"{""name"":""rect"",""x"":642,""y"":73,""width"":40,""height"":33}","{""Type"":""not_two_wheeler""}"
15.jpg,1738453,{},8,6,"{""name"":""rect"",""x"":650,""y"":101,""width"":49,""height"":49}","{""Type"":""not_two_wheeler""}"
15.jpg,1738453,{},8,7,"{""name"":""rect"",""x"":752,""y"":63,""width"":53,""height"":44}","{""Type"":""not_two_wheeler""}"
16.jpg,1830720,{},5,0,"{""name"":""rect"",""x"":705,""y"":399,""width"":229,""height"":199}","{""Type"":""not_two_wheeler""}"
16.jpg,1830720,{},5,1,"{""name"":""rect"",""x"":547,""y"":261,""width"":148,""height"":121}","{""Type"":""not_two_wheeler""}"
16.jpg,1830720,{},5,2,"{""name"":""rect"",""x"":817,""y"":126,""width"":85,""height"":63}","{""Type"":""not_two_wheeler""}"
16.jpg,1830720,{},5,3,"{""name"":""rect"",""x"":636,""y"":122,""width"":62,""height"":51}","{""Type"":""not_two_wheeler""}"
16.jpg,1830720,{},5,4,"{""name"":""rect"",""x"":869,""y"":17,""width"":81,""height"":81}","{""Type"":""not_two_wheeler""}"
17.jpg,1762025,{},7,0,"{""name"":""rect"",""x"":990,""y"":335,""width"":235,""height"":186}","{""Type"":""not_two_wheeler""}"
17.jpg,1762025,{},7,1,"{""name"":""rect"",""x"":582,""y"":223,""width"":126,""height"":96}","{""Type"":""not_two_wheeler""}"
17.jpg,1762025,{},7,2,"{""name"":""rect"",""x"":724,""y"":114,""width"":76,""height"":81}","{""Type"":""not_two_wheeler""}"
17.jpg,1762025,{},7,3,"{""name"":""rect"",""x"":592,""y"":105,""width"":58,""height"":55}","{""Type"":""not_two_wheeler""}"
17.jpg,1762025,{},7,4,"{""name"":""rect"",""x"":781,""y"":71,""width"":67,""height"":59}","{""Type"":""not_two_wheeler""}"
17.jpg,1762025,{},7,5,"{""name"":""rect"",""x"":45,""y"":71,""width"":105,""height"":54}","{""Type"":""not_two_wheeler""}"
17.jpg,1762025,{},7,6,"{""name"":""rect"",""x"":840,""y"":6,""width"":212,""height"":123}","{""Type"":""not_two_wheeler""}"
18.jpg,1548359,{},8,0,"{""name"":""rect"",""x"":402,""y"":499,""width"":294,""height"":216}","{""Type"":""not_two_wheeler""}"
18.jpg,1548359,{},8,1,"{""name"":""rect"",""x"":529,""y"":235,""width"":153,""height"":117}","{""Type"":""not_two_wheeler""}"
18.jpg,1548359,{},8,2,"{""name"":""rect"",""x"":714,""y"":208,""width"":132,""height"":110}","{""Type"":""not_two_wheeler""}"
18.jpg,1548359,{},8,3,"{""name"":""rect"",""x"":503,""y"":163,""width"":99,""height"":80}","{""Type"":""not_two_wheeler""}"
18.jpg,1548359,{},8,4,"{""name"":""rect"",""x"":805,""y"":119,""width"":103,""height"":67}","{""Type"":""not_two_wheeler""}"
18.jpg,1548359,{},8,5,"{""name"":""rect"",""x"":39,""y"":73,""width"":122,""height"":68}","{""Type"":""not_two_wheeler""}"
18.jpg,1548359,{},8,6,"{""name"":""rect"",""x"":656,""y"":95,""width"":53,""height"":63}","{""Type"":""not_two_wheeler""}"
18.jpg,1548359,{},8,7,"{""name"":""rect"",""x"":723,""y"":55,""width"":51,""height"":41}","{""Type"":""not_two_wheeler""}"
19.jpg,1718014,{},8,0,"{""name"":""rect"",""x"":422,""y"":350,""width"":220,""height"":214}","{""Type"":""not_two_wheeler""}"
19.jpg,1718014,{},8,1,"{""name"":""rect"",""x"":728,""y"":357,""width"":221,""height"":212}","{""Type"":""not_two_wheeler""}"
19.jpg,1718014,{},8,2,"{""name"":""rect"",""x"":380,""y"":232,""width"":148,""height"":116}","{""Type"":""not_two_wheeler""}"
19.jpg,1718014,{},8,3,"{""name"":""rect"",""x"":838,""y"":157,""width"":127,""height"":87}","{""Type"":""not_two_wheeler""}"
19.jpg,1718014,{},8,4,"{""name"":""rect"",""x"":994,""y"":21,""width"":202,""height"":164}","{""Type"":""not_two_wheeler""}"
19.jpg,1718014,{},8,5,"{""name"":""rect"",""x"":627,""y"":126,""width"":83,""height"":74}","{""Type"":""not_two_wheeler""}"
19.jpg,1718014,{},8,6,"{""name"":""rect"",""x"":724,""y"":63,""width"":53,""height"":50}","{""Type"":""not_two_wheeler""}"
19.jpg,1718014,{},8,7,"{""name"":""rect"",""x"":31,""y"":59,""width"":114,""height"":62}","{""Type"":""not_two_wheeler""}"
20.jpg,244761,{},3,0,"{""name"":""rect"",""x"":263,""y"":426,""width"":172,""height"":123}","{""Type"":""not_two_wheeler""}"
20.jpg,244761,{},3,1,"{""name"":""rect"",""x"":503,""y"":329,""width"":87,""height"":63}","{""Type"":""not_two_wheeler""}"
20.jpg,244761,{},3,2,"{""name"":""rect"",""x"":752,""y"":348,""width"":95,""height"":73}","{""Type"":""not_two_wheeler""}"
21.jpg,808257,{},5,0,"{""name"":""rect"",""x"":170,""y"":468,""width"":220,""height"":176}","{""Type"":""not_two_wheeler""}"
21.jpg,808257,{},5,1,"{""name"":""rect"",""x"":501,""y"":357,""width"":78,""height"":64}","{""Type"":""not_two_wheeler""}"
21.jpg,808257,{},5,2,"{""name"":""rect"",""x"":746,""y"":333,""width"":85,""height"":78}","{""Type"":""not_two_wheeler""}"
21.jpg,808257,{},5,3,"{""name"":""rect"",""x"":669,""y"":284,""width"":44,""height"":50}","{""Type"":""not_two_wheeler""}"
21.jpg,808257,{},5,4,"{""name"":""rect"",""x"":546,""y"":277,""width"":51,""height"":50}","{""Type"":""not_two_wheeler""}"
22.jpg,1535321,{},2,0,"{""name"":""rect"",""x"":288,""y"":517,""width"":196,""height"":167}","{""Type"":""not_two_wheeler""}"
22.jpg,1535321,{},2,1,"{""name"":""rect"",""x"":523,""y"":289,""width"":53,""height"":48}","{""Type"":""not_two_wheeler""}"
23.jpg,1499562,{},2,0,"{""name"":""rect"",""x"":519,""y"":297,""width"":56,""height"":58}","{""Type"":""not_two_wheeler""}"
23.jpg,1499562,{},2,1,"{""name"":""rect"",""x"":713,""y"":294,""width"":65,""height"":50}","{""Type"":""not_two_wheeler""}"
24.jpg,1560609,{},3,0,"{""name"":""rect"",""x"":467,""y"":299,""width"":87,""height"":69}","{""Type"":""not_two_wheeler""}"
24.jpg,1560609,{},3,1,"{""name"":""rect"",""x"":704,""y"":281,""width"":64,""height"":60}","{""Type"":""not_two_wheeler""}"
24.jpg,1560609,{},3,2,"{""name"":""rect"",""x"":585,""y"":286,""width"":63,""height"":49}","{""Type"":""not_two_wheeler""}"
25.jpg,1625703,{},3,0,"{""name"":""rect"",""x"":965,""y"":606,""width"":311,""height"":110}","{""Type"":""not_two_wheeler""}"
25.jpg,1625703,{},3,1,"{""name"":""rect"",""x"":465,""y"":325,""width"":86,""height"":62}","{""Type"":""not_two_wheeler""}"
25.jpg,1625703,{},3,2,"{""name"":""rect"",""x"":815,""y"":244,""width"":71,""height"":108}","{""Type"":""not_two_wheeler""}"
26.jpg,1694946,{},7,0,"{""name"":""rect"",""x"":804,""y"":383,""width"":128,""height"":99}","{""Type"":""not_two_wheeler""}"
26.jpg,1694946,{},7,1,"{""name"":""rect"",""x"":736,""y"":452,""width"":92,""height"":92}","{""Type"":""not_two_wheeler""}"
26.jpg,1694946,{},7,2,"{""name"":""rect"",""x"":705,""y"":392,""width"":71,""height"":67}","{""Type"":""not_two_wheeler""}"
26.jpg,1694946,{},7,3,"{""name"":""rect"",""x"":334,""y"":404,""width"":139,""height"":90}","{""Type"":""not_two_wheeler""}"
26.jpg,1694946,{},7,4,"{""name"":""rect"",""x"":515,""y"":244,""width"":31,""height"":62}","{""Type"":""not_two_wheeler""}"
26.jpg,1694946,{},7,5,"{""name"":""rect"",""x"":542,""y"":322,""width"":67,""height"":63}","{""Type"":""not_two_wheeler""}"
26.jpg,1694946,{},7,6,"{""name"":""rect"",""x"":484,""y"":330,""width"":54,""height"":45}","{""Type"":""not_two_wheeler""}"
27.jpg,1866213,{},5,0,"{""name"":""rect"",""x"":148,""y"":480,""width"":248,""height"":167}","{""Type"":""not_two_wheeler""}"
27.jpg,1866213,{},5,1,"{""name"":""rect"",""x"":781,""y"":553,""width"":298,""height"":163}","{""Type"":""not_two_wheeler""}"
27.jpg,1866213,{},5,2,"{""name"":""rect"",""x"":505,""y"":361,""width"":98,""height"":72}","{""Type"":""not_two_wheeler""}"
27.jpg,1866213,{},5,3,"{""name"":""rect"",""x"":710,""y"":393,""width"":103,""height"":63}","{""Type"":""not_two_wheeler""}"
27.jpg,1866213,{},5,4,"{""name"":""rect"",""x"":444,""y"":340,""width"":59,""height"":60}","{""Type"":""not_two_wheeler""}"
28.jpg,1835266,{},6,0,"{""name"":""rect"",""x"":778,""y"":582,""width"":208,""height"":139}","{""Type"":""not_two_wheeler""}"
28.jpg,1835266,{},6,1,"{""name"":""rect"",""x"":709,""y"":394,""width"":171,""height"":121}","{""Type"":""not_two_wheeler""}"
28.jpg,1835266,{},6,2,"{""name"":""rect"",""x"":420,""y"":451,""width"":154,""height"":125}","{""Type"":""not_two_wheeler""}"
28.jpg,1835266,{},6,3,"{""name"":""rect"",""x"":454,""y"":339,""width"":71,""height"":49}","{""Type"":""not_two_wheeler""}"
28.jpg,1835266,{},6,4,"{""name"":""rect"",""x"":379,""y"":386,""width"":105,""height"":67}","{""Type"":""not_two_wheeler""}"
28.jpg,1835266,{},6,5,"{""name"":""rect"",""x"":743,""y"":326,""width"":86,""height"":55}","{""Type"":""not_two_wheeler""}"
29.jpg,1670838,{},3,0,"{""name"":""rect"",""x"":467,""y"":3,""width"":159,""height"":130}","{""Type"":""not_two_wheeler""}"
29.jpg,1670838,{},3,1,"{""name"":""rect"",""x"":710,""y"":291,""width"":103,""height"":85}","{""Type"":""not_two_wheeler""}"
29.jpg,1670838,{},3,2,"{""name"":""rect"",""x"":512,""y"":318,""width"":44,""height"":37}","{""Type"":""not_two_wheeler""}"
30.jpg,1462954,{},2,0,"{""name"":""rect"",""x"":245,""y"":541,""width"":199,""height"":163}","{""Type"":""not_two_wheeler""}"
30.jpg,1462954,{},2,1,"{""name"":""rect"",""x"":727,""y"":497,""width"":168,""height"":117}","{""Type"":""not_two_wheeler""}"
31.jpg,2054987,{},6,0,"{""name"":""rect"",""x"":823,""y"":358,""width"":383,""height"":239}","{""Type"":""not_two_wheeler""}"
31.jpg,2054987,{},6,1,"{""name"":""rect"",""x"":733,""y"":452,""width"":132,""height"":81}","{""Type"":""not_two_wheeler""}"
31.jpg,2054987,{},6,2,"{""name"":""rect"",""x"":679,""y"":306,""width"":134,""height"":86}","{""Type"":""not_two_wheeler""}"
31.jpg,2054987,{},6,3,"{""name"":""rect"",""x"":696,""y"":384,""width"":73,""height"":64}","{""Type"":""not_two_wheeler""}"
31.jpg,2054987,{},6,4,"{""name"":""rect"",""x"":576,""y"":252,""width"":68,""height"":42}","{""Type"":""not_two_wheeler""}"
31.jpg,2054987,{},6,5,"{""name"":""rect"",""x"":996,""y"":280,""width"":50,""height"":31}","{""Type"":""not_two_wheeler""}"
32.jpg,1702336,{},7,0,"{""name"":""rect"",""x"":380,""y"":398,""width"":123,""height"":78}","{""Type"":""not_two_wheeler""}"
32.jpg,1702336,{},7,1,"{""name"":""rect"",""x"":729,""y"":438,""width"":117,""height"":76}","{""Type"":""not_two_wheeler""}"
32.jpg,1702336,{},7,2,"{""name"":""rect"",""x"":800,""y"":395,""width"":105,""height"":60}","{""Type"":""not_two_wheeler""}"
32.jpg,1702336,{},7,3,"{""name"":""rect"",""x"":520,""y"":273,""width"":95,""height"":68}","{""Type"":""not_two_wheeler""}"
32.jpg,1702336,{},7,4,"{""name"":""rect"",""x"":719,""y"":275,""width"":85,""height"":62}","{""Type"":""not_two_wheeler""}"
32.jpg,1702336,{},7,5,"{""name"":""rect"",""x"":702,""y"":356,""width"":64,""height"":48}","{""Type"":""not_two_wheeler""}"
32.jpg,1702336,{},7,6,"{""name"":""rect"",""x"":671,""y"":267,""width"":41,""height"":36}","{""Type"":""not_two_wheeler""}"
33.jpg,1638603,{},5,0,"{""name"":""rect"",""x"":180,""y"":339,""width"":380,""height"":297}","{""Type"":""not_two_wheeler""}"
33.jpg,1638603,{},5,1,"{""name"":""rect"",""x"":723,""y"":320,""width"":58,""height"":35}","{""Type"":""not_two_wheeler""}"
33.jpg,1638603,{},5,2,"{""name"":""rect"",""x"":714,""y"":290,""width"":50,""height"":26}","{""Type"":""not_two_wheeler""}"
33.jpg,1638603,{},5,3,"{""name"":""rect"",""x"":705,""y"":255,""width"":50,""height"":40}","{""Type"":""not_two_wheeler""}"
33.jpg,1638603,{},5,4,"{""name"":""rect"",""x"":573,""y"":289,""width"":40,""height"":23}","{""Type"":""not_two_wheeler""}"
34.jpg,165448,{},5,0,"{""name"":""rect"",""x"":158,""y"":611,""width"":143,""height"":107}","{""Type"":""two_wheeler_without_helmet""}"
34.jpg,165448,{},5,1,"{""name"":""rect"",""x"":363,""y"":253,""width"":69,""height"":105}","{""Type"":""two_wheeler_without_helmet""}"
34.jpg,165448,{},5,2,"{""name"":""rect"",""x"":449,""y"":162,""width"":82,""height"":100}","{""Type"":""two_wheeler_with_helmet""}"
34.jpg,165448,{},5,3,"{""name"":""rect"",""x"":885,""y"":266,""width"":200,""height"":184}","{""Type"":""not_two_wheeler""}"
34.jpg,165448,{},5,4,"{""name"":""rect"",""x"":583,""y"":32,""width"":45,""height"":62}","{""Type"":""two_wheeler_with_helmet""}"
35.jpg,160147,{},5,0,"{""name"":""rect"",""x"":980,""y"":487,""width"":266,""height"":230}","{""Type"":""not_two_wheeler""}"
35.jpg,160147,{},5,1,"{""name"":""rect"",""x"":410,""y"":520,""width"":130,""height"":167}","{""Type"":""two_wheeler_with_helmet""}"
35.jpg,160147,{},5,2,"{""name"":""rect"",""x"":302,""y"":410,""width"":121,""height"":143}","{""Type"":""two_wheeler_without_helmet""}"
35.jpg,160147,{},5,3,"{""name"":""rect"",""x"":413,""y"":176,""width"":65,""height"":92}","{""Type"":""two_wheeler_without_helmet""}"
35.jpg,160147,{},5,4,"{""name"":""rect"",""x"":487,""y"":108,""width"":53,""height"":82}","{""Type"":""two_wheeler_with_helmet""}"
36.jpg,1326532,{},5,0,"{""name"":""rect"",""x"":284,""y"":365,""width"":99,""height"":140}","{""Type"":""two_wheeler_without_helmet""}"
36.jpg,1326532,{},5,1,"{""name"":""rect"",""x"":528,""y"":207,""width"":87,""height"":116}","{""Type"":""two_wheeler_without_helmet""}"
36.jpg,1326532,{},5,2,"{""name"":""rect"",""x"":435,""y"":200,""width"":67,""height"":108}","{""Type"":""two_wheeler_without_helmet""}"
36.jpg,1326532,{},5,3,"{""name"":""rect"",""x"":856,""y"":80,""width"":77,""height"":80}","{""Type"":""two_wheeler_with_helmet""}"
36.jpg,1326532,{},5,4,"{""name"":""rect"",""x"":481,""y"":81,""width"":51,""height"":68}","{""Type"":""two_wheeler_without_helmet""}"
37.jpg,1336773,{},7,0,"{""name"":""rect"",""x"":1018,""y"":238,""width"":105,""height"":137}","{""Type"":""two_wheeler_without_helmet""}"
37.jpg,1336773,{},7,1,"{""name"":""rect"",""x"":910,""y"":209,""width"":83,""height"":107}","{""Type"":""two_wheeler_with_helmet""}"
37.jpg,1336773,{},7,2,"{""name"":""rect"",""x"":357,""y"":426,""width"":104,""height"":150}","{""Type"":""two_wheeler_without_helmet""}"
37.jpg,1336773,{},7,3,"{""name"":""rect"",""x"":440,""y"":195,""width"":69,""height"":96}","{""Type"":""two_wheeler_with_helmet""}"
37.jpg,1336773,{},7,4,"{""name"":""rect"",""x"":861,""y"":114,""width"":48,""height"":96}","{""Type"":""two_wheeler_without_helmet""}"
37.jpg,1336773,{},7,5,"{""name"":""rect"",""x"":521,""y"":90,""width"":41,""height"":71}","{""Type"":""two_wheeler_with_helmet""}"
37.jpg,1336773,{},7,6,"{""name"":""rect"",""x"":571,""y"":119,""width"":56,""height"":82}","{""Type"":""two_wheeler_without_helmet""}"
38.jpg,1631937,{},7,0,"{""name"":""rect"",""x"":1179,""y"":512,""width"":99,""height"":203}","{""Type"":""two_wheeler_with_helmet""}"
38.jpg,1631937,{},7,1,"{""name"":""rect"",""x"":267,""y"":461,""width"":105,""height"":160}","{""Type"":""two_wheeler_with_helmet""}"
38.jpg,1631937,{},7,2,"{""name"":""rect"",""x"":791,""y"":322,""width"":186,""height"":214}","{""Type"":""not_two_wheeler""}"
38.jpg,1631937,{},7,3,"{""name"":""rect"",""x"":499,""y"":311,""width"":90,""height"":122}","{""Type"":""two_wheeler_without_helmet""}"
38.jpg,1631937,{},7,4,"{""name"":""rect"",""x"":471,""y"":195,""width"":53,""height"":92}","{""Type"":""two_wheeler_with_helmet""}"
38.jpg,1631937,{},7,5,"{""name"":""rect"",""x"":937,""y"":113,""width"":50,""height"":95}","{""Type"":""two_wheeler_without_helmet""}"
38.jpg,1631937,{},7,6,"{""name"":""rect"",""x"":840,""y"":69,""width"":56,""height"":73}","{""Type"":""two_wheeler_with_helmet""}"
39.jpg,1310018,{},8,0,"{""name"":""rect"",""x"":1014,""y"":295,""width"":109,""height"":160}","{""Type"":""two_wheeler_with_helmet""}"
39.jpg,1310018,{},8,1,"{""name"":""rect"",""x"":953,""y"":180,""width"":86,""height"":116}","{""Type"":""two_wheeler_with_helmet""}"
39.jpg,1310018,{},8,2,"{""name"":""rect"",""x"":793,""y"":261,""width"":158,""height"":172}","{""Type"":""not_two_wheeler""}"
39.jpg,1310018,{},8,3,"{""name"":""rect"",""x"":336,""y"":447,""width"":109,""height"":157}","{""Type"":""two_wheeler_with_helmet""}"
39.jpg,1310018,{},8,4,"{""name"":""rect"",""x"":381,""y"":312,""width"":91,""height"":118}","{""Type"":""two_wheeler_with_helmet""}"
39.jpg,1310018,{},8,5,"{""name"":""rect"",""x"":389,""y"":209,""width"":69,""height"":92}","{""Type"":""two_wheeler_with_helmet""}"
39.jpg,1310018,{},8,6,"{""name"":""rect"",""x"":733,""y"":89,""width"":101,""height"":94}","{""Type"":""not_two_wheeler""}"
39.jpg,1310018,{},8,7,"{""name"":""rect"",""x"":466,""y"":127,""width"":49,""height"":87}","{""Type"":""two_wheeler_with_helmet""}"
40.jpg,1747286,{},10,0,"{""name"":""rect"",""x"":390,""y"":625,""width"":122,""height"":91}","{""Type"":""two_wheeler_with_helmet""}"
40.jpg,1747286,{},10,1,"{""name"":""rect"",""x"":271,""y"":489,""width"":101,""height"":172}","{""Type"":""two_wheeler_with_helmet""}"
40.jpg,1747286,{},10,2,"{""name"":""rect"",""x"":398,""y"":366,""width"":76,""height"":135}","{""Type"":""two_wheeler_with_helmet""}"
40.jpg,1747286,{},10,3,"{""name"":""rect"",""x"":514,""y"":325,""width"":160,""height"":167}","{""Type"":""not_two_wheeler""}"
40.jpg,1747286,{},10,4,"{""name"":""rect"",""x"":793,""y"":189,""width"":139,""height"":146}","{""Type"":""not_two_wheeler""}"
40.jpg,1747286,{},10,5,"{""name"":""rect"",""x"":526,""y"":175,""width"":58,""height"":90}","{""Type"":""two_wheeler_with_helmet""}"
40.jpg,1747286,{},10,6,"{""name"":""rect"",""x"":366,""y"":275,""width"":74,""height"":92}","{""Type"":""two_wheeler_with_helmet""}"
40.jpg,1747286,{},10,7,"{""name"":""rect"",""x"":729,""y"":9,""width"":78,""height"":68}","{""Type"":""not_two_wheeler""}"
40.jpg,1747286,{},10,8,"{""name"":""rect"",""x"":552,""y"":81,""width"":126,""height"":90}","{""Type"":""not_two_wheeler""}"
40.jpg,1747286,{},10,9,"{""name"":""rect"",""x"":1155,""y"":544,""width"":118,""height"":172}","{""Type"":""two_wheeler_without_helmet""}"
41.jpg,1538018,{},6,0,"{""name"":""rect"",""x"":399,""y"":489,""width"":119,""height"":169}","{""Type"":""two_wheeler_with_helmet""}"
41.jpg,1538018,{},6,1,"{""name"":""rect"",""x"":286,""y"":368,""width"":91,""height"":131}","{""Type"":""two_wheeler_without_helmet""}"
41.jpg,1538018,{},6,2,"{""name"":""rect"",""x"":779,""y"":200,""width"":132,""height"":146}","{""Type"":""not_two_wheeler""}"
41.jpg,1538018,{},6,3,"{""name"":""rect"",""x"":496,""y"":217,""width"":135,""height"":134}","{""Type"":""not_two_wheeler""}"
41.jpg,1538018,{},6,4,"{""name"":""rect"",""x"":430,""y"":171,""width"":58,""height"":91}","{""Type"":""two_wheeler_with_helmet""}"
41.jpg,1538018,{},6,5,"{""name"":""rect"",""x"":374,""y"":272,""width"":58,""height"":100}","{""Type"":""two_wheeler_with_helmet""}"
42.jpg,1413976,{},10,0,"{""name"":""rect"",""x"":1150,""y"":537,""width"":126,""height"":180}","{""Type"":""two_wheeler_without_helmet""}"
42.jpg,1413976,{},10,1,"{""name"":""rect"",""x"":143,""y"":619,""width"":141,""height"":95}","{""Type"":""two_wheeler_with_helmet""}"
42.jpg,1413976,{},10,2,"{""name"":""rect"",""x"":840,""y"":398,""width"":117,""height"":175}","{""Type"":""two_wheeler_without_helmet""}"
42.jpg,1413976,{},10,3,"{""name"":""rect"",""x"":350,""y"":340,""width"":89,""height"":136}","{""Type"":""two_wheeler_without_helmet""}"
42.jpg,1413976,{},10,4,"{""name"":""rect"",""x"":526,""y"":244,""width"":134,""height"":153}","{""Type"":""not_two_wheeler""}"
42.jpg,1413976,{},10,5,"{""name"":""rect"",""x"":935,""y"":153,""width"":77,""height"":118}","{""Type"":""two_wheeler_with_helmet""}"
42.jpg,1413976,{},10,6,"{""name"":""rect"",""x"":840,""y"":126,""width"":76,""height"":99}","{""Type"":""two_wheeler_with_helmet""}"
42.jpg,1413976,{},10,7,"{""name"":""rect"",""x"":395,""y"":56,""width"":59,""height"":89}","{""Type"":""not_two_wheeler""}"
42.jpg,1413976,{},10,8,"{""name"":""rect"",""x"":806,""y"":41,""width"":51,""height"":76}","{""Type"":""two_wheeler_with_helmet""}"
42.jpg,1413976,{},10,9,"{""name"":""rect"",""x"":501,""y"":53,""width"":58,""height"":78}","{""Type"":""two_wheeler_with_helmet""}"
43.jpg,1338915,{},10,0,"{""name"":""rect"",""x"":252,""y"":515,""width"":114,""height"":172}","{""Type"":""two_wheeler_without_helmet""}"
43.jpg,1338915,{},10,1,"{""name"":""rect"",""x"":956,""y"":547,""width"":121,""height"":171}","{""Type"":""two_wheeler_without_helmet""}"
43.jpg,1338915,{},10,2,"{""name"":""rect"",""x"":1076,""y"":381,""width"":114,""height"":178}","{""Type"":""two_wheeler_without_helmet""}"
43.jpg,1338915,{},10,3,"{""name"":""rect"",""x"":485,""y"":345,""width"":157,""height"":198}","{""Type"":""not_two_wheeler""}"
43.jpg,1338915,{},10,4,"{""name"":""rect"",""x"":808,""y"":272,""width"":94,""height"":135}","{""Type"":""two_wheeler_without_helmet""}"
43.jpg,1338915,{},10,5,"{""name"":""rect"",""x"":480,""y"":94,""width"":55,""height"":76}","{""Type"":""two_wheeler_with_helmet""}"
43.jpg,1338915,{},10,6,"{""name"":""rect"",""x"":901,""y"":109,""width"":77,""height"":112}","{""Type"":""two_wheeler_with_helmet""}"
43.jpg,1338915,{},10,7,"{""name"":""rect"",""x"":828,""y"":83,""width"":56,""height"":81}","{""Type"":""two_wheeler_with_helmet""}"
43.jpg,1338915,{},10,8,"{""name"":""rect"",""x"":571,""y"":0,""width"":82,""height"":77}","{""Type"":""not_two_wheeler""}"
43.jpg,1338915,{},10,9,"{""name"":""rect"",""x"":799,""y"":24,""width"":39,""height"":65}","{""Type"":""two_wheeler_with_helmet""}"
44.jpg,1427848,{},8,0,"{""name"":""rect"",""x"":1129,""y"":426,""width"":117,""height"":193}","{""Type"":""two_wheeler_with_helmet""}"
44.jpg,1427848,{},8,1,"{""name"":""rect"",""x"":947,""y"":243,""width"":100,""height"":136}","{""Type"":""two_wheeler_with_helmet""}"
44.jpg,1427848,{},8,2,"{""name"":""rect"",""x"":312,""y"":407,""width"":117,""height"":146}","{""Type"":""two_wheeler_without_helmet""}"
44.jpg,1427848,{},8,3,"{""name"":""rect"",""x"":479,""y"":342,""width"":177,""height"":162}","{""Type"":""not_two_wheeler""}"
44.jpg,1427848,{},8,4,"{""name"":""rect"",""x"":368,""y"":239,""width"":77,""height"":112}","{""Type"":""two_wheeler_without_helmet""}"
44.jpg,1427848,{},8,5,"{""name"":""rect"",""x"":440,""y"":132,""width"":72,""height"":82}","{""Type"":""two_wheeler_with_helmet""}"
44.jpg,1427848,{},8,6,"{""name"":""rect"",""x"":546,""y"":162,""width"":108,""height"":104}","{""Type"":""not_two_wheeler""}"
44.jpg,1427848,{},8,7,"{""name"":""rect"",""x"":579,""y"":69,""width"":92,""height"":85}","{""Type"":""not_two_wheeler""}"
45.jpg,1416202,{},8,0,"{""name"":""rect"",""x"":940,""y"":163,""width"":113,""height"":116}","{""Type"":""two_wheeler_with_helmet""}"
45.jpg,1416202,{},8,1,"{""name"":""rect"",""x"":855,""y"":107,""width"":64,""height"":92}","{""Type"":""two_wheeler_with_helmet""}"
45.jpg,1416202,{},8,2,"{""name"":""rect"",""x"":244,""y"":417,""width"":109,""height"":146}","{""Type"":""two_wheeler_without_helmet""}"
45.jpg,1416202,{},8,3,"{""name"":""rect"",""x"":463,""y"":362,""width"":163,""height"":181}","{""Type"":""not_two_wheeler""}"
45.jpg,1416202,{},8,4,"{""name"":""rect"",""x"":376,""y"":241,""width"":85,""height"":103}","{""Type"":""two_wheeler_with_helmet""}"
45.jpg,1416202,{},8,5,"{""name"":""rect"",""x"":535,""y"":190,""width"":150,""height"":126}","{""Type"":""not_two_wheeler""}"
45.jpg,1416202,{},8,6,"{""name"":""rect"",""x"":434,""y"":101,""width"":85,""height"":91}","{""Type"":""two_wheeler_without_helmet""}"
45.jpg,1416202,{},8,7,"{""name"":""rect"",""x"":588,""y"":13,""width"":98,""height"":74}","{""Type"":""not_two_wheeler""}"
46.jpg,1286684,{},6,0,"{""name"":""rect"",""x"":1050,""y"":342,""width"":157,""height"":182}","{""Type"":""two_wheeler_without_helmet""}"
46.jpg,1286684,{},6,1,"{""name"":""rect"",""x"":903,""y"":587,""width"":232,""height"":128}","{""Type"":""not_two_wheeler""}"
46.jpg,1286684,{},6,2,"{""name"":""rect"",""x"":561,""y"":143,""width"":130,""height"":134}","{""Type"":""not_two_wheeler""}"
46.jpg,1286684,{},6,3,"{""name"":""rect"",""x"":869,""y"":59,""width"":58,""height"":76}","{""Type"":""two_wheeler_with_helmet""}"
46.jpg,1286684,{},6,4,"{""name"":""rect"",""x"":763,""y"":40,""width"":89,""height"":85}","{""Type"":""not_two_wheeler""}"
46.jpg,1286684,{},6,5,"{""name"":""rect"",""x"":571,""y"":48,""width"":48,""height"":68}","{""Type"":""two_wheeler_without_helmet""}"
47.jpg,1112652,{},3,0,"{""name"":""rect"",""x"":551,""y"":146,""width"":77,""height"":94}","{""Type"":""two_wheeler_with_helmet""}"
47.jpg,1112652,{},3,1,"{""name"":""rect"",""x"":781,""y"":110,""width"":122,""height"":105}","{""Type"":""not_two_wheeler""}"
47.jpg,1112652,{},3,2,"{""name"":""rect"",""x"":607,""y"":41,""width"":82,""height"":80}","{""Type"":""not_two_wheeler""}"
48.jpg,1253210,{},4,0,"{""name"":""rect"",""x"":507,""y"":100,""width"":59,""height"":80}","{""Type"":""two_wheeler_without_helmet""}"
48.jpg,1253210,{},4,1,"{""name"":""rect"",""x"":497,""y"":302,""width"":149,""height"":171}","{""Type"":""not_two_wheeler""}"
48.jpg,1253210,{},4,2,"{""name"":""rect"",""x"":797,""y"":167,""width"":163,""height"":180}","{""Type"":""not_two_wheeler""}"
48.jpg,1253210,{},4,3,"{""name"":""rect"",""x"":583,""y"":65,""width"":98,""height"":87}","{""Type"":""not_two_wheeler""}"
49.jpg,1400265,{},5,0,"{""name"":""rect"",""x"":307,""y"":348,""width"":96,""height"":145}","{""Type"":""two_wheeler_with_helmet""}"
49.jpg,1400265,{},5,1,"{""name"":""rect"",""x"":472,""y"":458,""width"":96,""height"":172}","{""Type"":""two_wheeler_with_helmet""}"
49.jpg,1400265,{},5,2,"{""name"":""rect"",""x"":867,""y"":575,""width"":257,""height"":143}","{""Type"":""not_two_wheeler""}"
49.jpg,1400265,{},5,3,"{""name"":""rect"",""x"":576,""y"":116,""width"":96,""height"":94}","{""Type"":""not_two_wheeler""}"
49.jpg,1400265,{},5,4,"{""name"":""rect"",""x"":603,""y"":-1,""width"":85,""height"":65}","{""Type"":""not_two_wheeler""}"
50.jpg,1531238,{},6,0,"{""name"":""rect"",""x"":520,""y"":456,""width"":122,""height"":167}","{""Type"":""two_wheeler_without_helmet""}"
50.jpg,1531238,{},6,1,"{""name"":""rect"",""x"":498,""y"":200,""width"":60,""height"":109}","{""Type"":""two_wheeler_without_helmet""}"
50.jpg,1531238,{},6,2,"{""name"":""rect"",""x"":566,""y"":203,""width"":148,""height"":118}","{""Type"":""not_two_wheeler""}"
50.jpg,1531238,{},6,3,"{""name"":""rect"",""x"":790,""y"":83,""width"":100,""height"":101}","{""Type"":""not_two_wheeler""}"
50.jpg,1531238,{},6,4,"{""name"":""rect"",""x"":510,""y"":67,""width"":103,""height"":89}","{""Type"":""not_two_wheeler""}"
50.jpg,1531238,{},6,5,"{""name"":""rect"",""x"":618,""y"":17,""width"":101,""height"":71}","{""Type"":""not_two_wheeler""}"
51.jpg,1463101,{},5,0,"{""name"":""rect"",""x"":574,""y"":350,""width"":94,""height"":148}","{""Type"":""two_wheeler_without_helmet""}"
51.jpg,1463101,{},5,1,"{""name"":""rect"",""x"":797,""y"":118,""width"":109,""height"":99}","{""Type"":""not_two_wheeler""}"
51.jpg,1463101,{},5,2,"{""name"":""rect"",""x"":587,""y"":154,""width"":123,""height"":123}","{""Type"":""not_two_wheeler""}"
51.jpg,1463101,{},5,3,"{""name"":""rect"",""x"":521,""y"":144,""width"":50,""height"":103}","{""Type"":""two_wheeler_without_helmet""}"
51.jpg,1463101,{},5,4,"{""name"":""rect"",""x"":529,""y"":50,""width"":87,""height"":81}","{""Type"":""not_two_wheeler""}"
52.jpg,1298582,{},4,0,"{""name"":""rect"",""x"":267,""y"":512,""width"":121,""height"":168}","{""Type"":""two_wheeler_without_helmet""}"
52.jpg,1298582,{},4,1,"{""name"":""rect"",""x"":845,""y"":303,""width"":185,""height"":204}","{""Type"":""not_two_wheeler""}"
52.jpg,1298582,{},4,2,"{""name"":""rect"",""x"":627,""y"":123,""width"":74,""height"":86}","{""Type"":""two_wheeler_without_helmet""}"
52.jpg,1298582,{},4,3,"{""name"":""rect"",""x"":627,""y"":32,""width"":83,""height"":80}","{""Type"":""not_two_wheeler""}"
53.jpg,1218986,{},3,0,"{""name"":""rect"",""x"":392,""y"":478,""width"":125,""height"":168}","{""Type"":""two_wheeler_without_helmet""}"
53.jpg,1218986,{},3,1,"{""name"":""rect"",""x"":483,""y"":190,""width"":77,""height"":98}","{""Type"":""not_two_wheeler""}"
53.jpg,1218986,{},3,2,"{""name"":""rect"",""x"":873,""y"":65,""width"":59,""height"":86}","{""Type"":""two_wheeler_without_helmet""}"
54.jpg,1443509,{},4,0,"{""name"":""rect"",""x"":913,""y"":114,""width"":59,""height"":105}","{""Type"":""two_wheeler_with_helmet""}"
54.jpg,1443509,{},4,1,"{""name"":""rect"",""x"":606,""y"":94,""width"":55,""height"":82}","{""Type"":""two_wheeler_without_helmet""}"
54.jpg,1443509,{},4,2,"{""name"":""rect"",""x"":981,""y"":271,""width"":96,""height"":139}","{""Type"":""two_wheeler_with_helmet""}"
54.jpg,1443509,{},4,3,"{""name"":""rect"",""x"":557,""y"":56,""width"":40,""height"":69}","{""Type"":""two_wheeler_without_helmet""}"
55.jpg,1489961,{},5,0,"{""name"":""rect"",""x"":1177,""y"":634,""width"":101,""height"":82}","{""Type"":""two_wheeler_with_helmet""}"
55.jpg,1489961,{},5,1,"{""name"":""rect"",""x"":1007,""y"":293,""width"":122,""height"":168}","{""Type"":""two_wheeler_with_helmet""}"
55.jpg,1489961,{},5,2,"{""name"":""rect"",""x"":357,""y"":449,""width"":130,""height"":157}","{""Type"":""two_wheeler_with_helmet""}"
55.jpg,1489961,{},5,3,"{""name"":""rect"",""x"":569,""y"":9,""width"":41,""height"":56}","{""Type"":""not_two_wheeler""}"
55.jpg,1489961,{},5,4,"{""name"":""rect"",""x"":630,""y"":12,""width"":42,""height"":62}","{""Type"":""not_two_wheeler""}"
56.jpg,1222325,{},4,0,"{""name"":""rect"",""x"":972,""y"":313,""width"":130,""height"":146}","{""Type"":""two_wheeler_with_helmet""}"
56.jpg,1222325,{},4,1,"{""name"":""rect"",""x"":856,""y"":212,""width"":74,""height"":113}","{""Type"":""two_wheeler_without_helmet""}"
56.jpg,1222325,{},4,2,"{""name"":""rect"",""x"":901,""y"":96,""width"":73,""height"":81}","{""Type"":""two_wheeler_without_helmet""}"
56.jpg,1222325,{},4,3,"{""name"":""rect"",""x"":583,""y"":8,""width"":45,""height"":65}","{""Type"":""two_wheeler_with_helmet""}"
57.jpg,1119445,{},3,0,"{""name"":""rect"",""x"":243,""y"":463,""width"":114,""height"":159}","{""Type"":""two_wheeler_without_helmet""}"
57.jpg,1119445,{},3,1,"{""name"":""rect"",""x"":1104,""y"":424,""width"":116,""height"":184}","{""Type"":""two_wheeler_without_helmet""}"
57.jpg,1119445,{},3,2,"{""name"":""rect"",""x"":888,""y"":64,""width"":65,""height"":98}","{""Type"":""two_wheeler_without_helmet""}"
58.jpg,1106397,{},4,0,"{""name"":""rect"",""x"":404,""y"":424,""width"":208,""height"":213}","{""Type"":""not_two_wheeler""}"
58.jpg,1106397,{},4,1,"{""name"":""rect"",""x"":1100,""y"":345,""width"":103,""height"":178}","{""Type"":""two_wheeler_without_helmet""}"
58.jpg,1106397,{},4,2,"{""name"":""rect"",""x"":466,""y"":121,""width"":71,""height"":105}","{""Type"":""two_wheeler_without_helmet""}"
58.jpg,1106397,{},4,3,"{""name"":""rect"",""x"":863,""y"":24,""width"":54,""height"":71}","{""Type"":""two_wheeler_with_helmet""}"
59.jpg,1155828,{},4,0,"{""name"":""rect"",""x"":922,""y"":209,""width"":64,""height"":146}","{""Type"":""two_wheeler_without_helmet""}"
59.jpg,1155828,{},4,1,"{""name"":""rect"",""x"":981,""y"":189,""width"":69,""height"":108}","{""Type"":""two_wheeler_with_helmet""}"
59.jpg,1155828,{},4,2,"{""name"":""rect"",""x"":885,""y"":103,""width"":59,""height"":92}","{""Type"":""two_wheeler_with_helmet""}"
59.jpg,1155828,{},4,3,"{""name"":""rect"",""x"":601,""y"":45,""width"":94,""height"":89}","{""Type"":""not_two_wheeler""}"
60.jpg,1208574,{},4,0,"{""name"":""rect"",""x"":294,""y"":415,""width"":107,""height"":159}","{""Type"":""two_wheeler_without_helmet""}"
60.jpg,1208574,{},4,1,"{""name"":""rect"",""x"":406,""y"":525,""width"":249,""height"":194}","{""Type"":""not_two_wheeler""}"
60.jpg,1208574,{},4,2,"{""name"":""rect"",""x"":995,""y"":240,""width"":104,""height"":130}","{""Type"":""two_wheeler_without_helmet""}"
60.jpg,1208574,{},4,3,"{""name"":""rect"",""x"":799,""y"":8,""width"":55,""height"":95}","{""Type"":""two_wheeler_with_helmet""}"
61.jpg,1409222,{},6,0,"{""name"":""rect"",""x"":485,""y"":453,""width"":96,""height"":169}","{""Type"":""two_wheeler_without_helmet""}"
61.jpg,1409222,{},6,1,"{""name"":""rect"",""x"":366,""y"":350,""width"":87,""height"":144}","{""Type"":""two_wheeler_with_helmet""}"
61.jpg,1409222,{},6,2,"{""name"":""rect"",""x"":582,""y"":123,""width"":110,""height"":116}","{""Type"":""not_two_wheeler""}"
61.jpg,1409222,{},6,3,"{""name"":""rect"",""x"":447,""y"":144,""width"":82,""height"":96}","{""Type"":""two_wheeler_helmet""}"
61.jpg,1409222,{},6,4,"{""name"":""rect"",""x"":892,""y"":136,""width"":76,""height"":110}","{""Type"":""two_wheeler_with_helmet""}"
61.jpg,1409222,{},6,5,"{""name"":""rect"",""x"":894,""y"":59,""width"":64,""height"":74}","{""Type"":""two_wheeler_without_helmet""}"
62.jpg,1268210,{},7,0,"{""name"":""rect"",""x"":216,""y"":444,""width"":99,""height"":166}","{""Type"":""two_wheeler_with_helmet""}"
62.jpg,1268210,{},7,1,"{""name"":""rect"",""x"":990,""y"":297,""width"":107,""height"":160}","{""Type"":""two_wheeler_with_helmet""}"
62.jpg,1268210,{},7,2,"{""name"":""rect"",""x"":452,""y"":198,""width"":81,""height"":121}","{""Type"":""two_wheeler_with_helmet""}"
62.jpg,1268210,{},7,3,"{""name"":""rect"",""x"":583,""y"":198,""width"":71,""height"":98}","{""Type"":""two_wheeler_without_helmet""}"
62.jpg,1268210,{},7,4,"{""name"":""rect"",""x"":927,""y"":136,""width"":71,""height"":110}","{""Type"":""two_wheeler_without_helmet""}"
62.jpg,1268210,{},7,5,"{""name"":""rect"",""x"":603,""y"":30,""width"":91,""height"":100}","{""Type"":""not_two_wheeler""}"
62.jpg,1268210,{},7,6,"{""name"":""rect"",""x"":506,""y"":54,""width"":50,""height"":91}","{""Type"":""two_wheeler_without_helmet""}"
63.jpg,1120798,{},4,0,"{""name"":""rect"",""x"":1051,""y"":392,""width"":121,""height"":181}","{""Type"":""two_wheeler_without_helmet""}"
63.jpg,1120798,{},4,1,"{""name"":""rect"",""x"":356,""y"":319,""width"":97,""height"":132}","{""Type"":""two_wheeler_with_helmet""}"
63.jpg,1120798,{},4,2,"{""name"":""rect"",""x"":869,""y"":125,""width"":76,""height"":93}","{""Type"":""two_wheeler_without_helmet""}"
63.jpg,1120798,{},4,3,"{""name"":""rect"",""x"":536,""y"":69,""width"":53,""height"":79}","{""Type"":""two_wheeler_with_helmet""}"
64.jpg,1570272,{},12,0,"{""name"":""rect"",""x"":1042,""y"":374,""width"":114,""height"":173}","{""Type"":""two_wheeler_without_helmet""}"
64.jpg,1570272,{},12,1,"{""name"":""rect"",""x"":775,""y"":236,""width"":183,""height"":225}","{""Type"":""not_two_wheeler""}"
64.jpg,1570272,{},12,2,"{""name"":""rect"",""x"":461,""y"":485,""width"":91,""height"":180}","{""Type"":""two_wheeler_with_helmet""}"
64.jpg,1570272,{},12,3,"{""name"":""rect"",""x"":291,""y"":407,""width"":90,""height"":143}","{""Type"":""two_wheeler_without_helmet""}"
64.jpg,1570272,{},12,4,"{""name"":""rect"",""x"":391,""y"":385,""width"":86,""height"":151}","{""Type"":""two_wheeler_without_helmet""}"
64.jpg,1570272,{},12,5,"{""name"":""rect"",""x"":513,""y"":360,""width"":69,""height"":125}","{""Type"":""two_wheeler_with_helmet""}"
64.jpg,1570272,{},12,6,"{""name"":""rect"",""x"":563,""y"":284,""width"":89,""height"":125}","{""Type"":""two_wheeler_without_helmet""}"
64.jpg,1570272,{},12,7,"{""name"":""rect"",""x"":373,""y"":241,""width"":79,""height"":114}","{""Type"":""two_wheeler_without_helmet""}"
64.jpg,1570272,{},12,8,"{""name"":""rect"",""x"":489,""y"":165,""width"":63,""height"":103}","{""Type"":""two_wheeler_with_helmet""}"
64.jpg,1570272,{},12,9,"{""name"":""rect"",""x"":378,""y"":104,""width"":56,""height"":93}","{""Type"":""not_two_wheeler""}"
64.jpg,1570272,{},12,10,"{""name"":""rect"",""x"":466,""y"":101,""width"":45,""height"":82}","{""Type"":""two_wheeler_with_helmet""}"
64.jpg,1570272,{},12,11,"{""name"":""rect"",""x"":619,""y"":0,""width"":72,""height"":70}","{""Type"":""not_two_wheeler""}"
65.jpg,1186575,{},3,0,"{""name"":""rect"",""x"":79,""y"":405,""width"":128,""height"":165}","{""Type"":""not_two_wheeler""}"
65.jpg,1186575,{},3,1,"{""name"":""rect"",""x"":909,""y"":66,""width"":62,""height"":97}","{""Type"":""two_wheeler_with_helmet""}"
65.jpg,1186575,{},3,2,"{""name"":""rect"",""x"":744,""y"":32,""width"":53,""height"":83}","{""Type"":""two_wheeler_with_helmet""}"
66.jpg,1375605,{},8,0,"{""name"":""rect"",""x"":103,""y"":529,""width"":121,""height"":187}","{""Type"":""two_wheeler_with_helmet""}"
66.jpg,1375605,{},8,1,"{""name"":""rect"",""x"":304,""y"":509,""width"":120,""height"":173}","{""Type"":""two_wheeler_with_helmet""}"
66.jpg,1375605,{},8,2,"{""name"":""rect"",""x"":388,""y"":281,""width"":98,""height"":135}","{""Type"":""two_wheeler_with_helmet""}"
66.jpg,1375605,{},8,3,"{""name"":""rect"",""x"":927,""y"":181,""width"":93,""height"":125}","{""Type"":""two_wheeler_without_helmet""}"
66.jpg,1375605,{},8,4,"{""name"":""rect"",""x"":565,""y"":184,""width"":75,""height"":113}","{""Type"":""two_wheeler_without_helmet""}"
66.jpg,1375605,{},8,5,"{""name"":""rect"",""x"":599,""y"":75,""width"":58,""height"":87}","{""Type"":""two_wheeler_with_helmet""}"
66.jpg,1375605,{},8,6,"{""name"":""rect"",""x"":518,""y"":83,""width"":56,""height"":89}","{""Type"":""two_wheeler_with_helmet""}"
66.jpg,1375605,{},8,7,"{""name"":""rect"",""x"":625,""y"":0,""width"":79,""height"":58}","{""Type"":""not_two_wheeler""}"
67.jpg,1150916,{},3,0,"{""name"":""rect"",""x"":241,""y"":405,""width"":122,""height"":166}","{""Type"":""two_wheeler_without_helmet""}"
67.jpg,1150916,{},3,1,"{""name"":""rect"",""x"":426,""y"":148,""width"":79,""height"":97}","{""Type"":""two_wheeler_with_helmet""}"
67.jpg,1150916,{},3,2,"{""name"":""rect"",""x"":530,""y"":89,""width"":48,""height"":77}","{""Type"":""two_wheeler_with_helmet""}"
68.jpg,1208015,{},4,0,"{""name"":""rect"",""x"":1,""y"":498,""width"":89,""height"":193}","{""Type"":""not_two_wheeler""}"
68.jpg,1208015,{},4,1,"{""name"":""rect"",""x"":274,""y"":442,""width"":110,""height"":183}","{""Type"":""two_wheeler_without_helmet""}"
68.jpg,1208015,{},4,2,"{""name"":""rect"",""x"":1063,""y"":293,""width"":103,""height"":152}","{""Type"":""two_wheeler_with_helmet""}"
68.jpg,1208015,{},4,3,"{""name"":""rect"",""x"":799,""y"":273,""width"":77,""height"":135}","{""Type"":""two_wheeler_with_helmet""}"
69.jpg,1196522,{},4,0,"{""name"":""rect"",""x"":906,""y"":248,""width"":114,""height"":143}","{""Type"":""two_wheeler_without_helmet""}"
69.jpg,1196522,{},4,1,"{""name"":""rect"",""x"":1089,""y"":352,""width"":136,""height"":208}","{""Type"":""two_wheeler_without_helmet""}"
69.jpg,1196522,{},4,2,"{""name"":""rect"",""x"":528,""y"":258,""width"":157,""height"":176}","{""Type"":""not_two_wheeler""}"
69.jpg,1196522,{},4,3,"{""name"":""rect"",""x"":453,""y"":140,""width"":74,""height"":108}","{""Type"":""two_wheeler_with_helmet""}"
70.jpg,1224595,{},8,0,"{""name"":""rect"",""x"":544,""y"":231,""width"":112,""height"":128}","{""Type"":""two_wheeler_with_helmet""}"
70.jpg,1224595,{},8,1,"{""name"":""rect"",""x"":415,""y"":470,""width"":123,""height"":187}","{""Type"":""two_wheeler_with_helmet""}"
70.jpg,1224595,{},8,2,"{""name"":""rect"",""x"":322,""y"":335,""width"":105,""height"":135}","{""Type"":""two_wheeler_without_helmet""}"
70.jpg,1224595,{},8,3,"{""name"":""rect"",""x"":404,""y"":209,""width"":126,""height"":148}","{""Type"":""two_wheeler_with_helmet""}"
70.jpg,1224595,{},8,4,"{""name"":""rect"",""x"":811,""y"":95,""width"":166,""height"":145}","{""Type"":""not_two_wheeler""}"
70.jpg,1224595,{},8,5,"{""name"":""rect"",""x"":610,""y"":8,""width"":96,""height"":81}","{""Type"":""not_two_wheeler""}"
70.jpg,1224595,{},8,6,"{""name"":""rect"",""x"":569,""y"":82,""width"":96,""height"":91}","{""Type"":""not_two_wheeler""}"
70.jpg,1224595,{},8,7,"{""name"":""rect"",""x"":434,""y"":89,""width"":86,""height"":91}","{""Type"":""two_wheeler_without_helmet""}"
71.jpg,1361403,{},7,0,"{""name"":""rect"",""x"":212,""y"":444,""width"":172,""height"":196}","{""Type"":""two_wheeler_with_helmet""}"
71.jpg,1361403,{},7,1,"{""name"":""rect"",""x"":903,""y"":330,""width"":264,""height"":255}","{""Type"":""not_two_wheeler""}"
71.jpg,1361403,{},7,2,"{""name"":""rect"",""x"":546,""y"":178,""width"":95,""height"":110}","{""Type"":""two_wheeler_with_helmet""}"
71.jpg,1361403,{},7,3,"{""name"":""rect"",""x"":405,""y"":175,""width"":111,""height"":127}","{""Type"":""two_wheeler_without_helmet""}"
71.jpg,1361403,{},7,4,"{""name"":""rect"",""x"":585,""y"":89,""width"":99,""height"":87}","{""Type"":""two_wheeler_with_helmet""}"
71.jpg,1361403,{},7,5,"{""name"":""rect"",""x"":495,""y"":90,""width"":71,""height"":97}","{""Type"":""two_wheeler_with_helmet""}"
71.jpg,1361403,{},7,6,"{""name"":""rect"",""x"":589,""y"":9,""width"":103,""height"":82}","{""Type"":""not_two_wheeler""}"
72.jpg,993960,{},2,0,"{""name"":""rect"",""x"":385,""y"":207,""width"":116,""height"":118}","{""Type"":""two_wheeler_without_helmet""}"
72.jpg,993960,{},2,1,"{""name"":""rect"",""x"":747,""y"":6,""width"":125,""height"":107}","{""Type"":""not_two_wheeler""}"
73.jpg,1001986,{},1,0,"{""name"":""rect"",""x"":324,""y"":357,""width"":162,""height"":190}","{""Type"":""two_wheeler_without_helmet""}"
74.jpg,1308523,{},5,0,"{""name"":""rect"",""x"":463,""y"":339,""width"":117,""height"":145}","{""Type"":""two_wheeler_without_helmet""}"
74.jpg,1308523,{},5,1,"{""name"":""rect"",""x"":316,""y"":303,""width"":95,""height"":131}","{""Type"":""two_wheeler_without_helmet""}"
74.jpg,1308523,{},5,2,"{""name"":""rect"",""x"":469,""y"":110,""width"":95,""height"":112}","{""Type"":""two_wheeler_with_helmet""}"
74.jpg,1308523,{},5,3,"{""name"":""rect"",""x"":817,""y"":6,""width"":89,""height"":104}","{""Type"":""two_wheeler_with_helmet""}"
74.jpg,1308523,{},5,4,"{""name"":""rect"",""x"":293,""y"":151,""width"":91,""height"":94}","{""Type"":""not_two_wheeler""}"
75.jpg,1479233,{},9,0,"{""name"":""rect"",""x"":461,""y"":356,""width"":200,""height"":208}","{""Type"":""not_two_wheeler""}"
75.jpg,1479233,{},9,1,"{""name"":""rect"",""x"":525,""y"":119,""width"":117,""height"":101}","{""Type"":""not_two_wheeler""}"
75.jpg,1479233,{},9,2,"{""name"":""rect"",""x"":571,""y"":32,""width"":89,""height"":81}","{""Type"":""not_two_wheeler""}"
75.jpg,1479233,{},9,3,"{""name"":""rect"",""x"":211,""y"":403,""width"":137,""height"":162}","{""Type"":""two_wheeler_without_helmet""}"
75.jpg,1479233,{},9,4,"{""name"":""rect"",""x"":445,""y"":160,""width"":87,""height"":104}","{""Type"":""two_wheeler_without_helmet""}"
75.jpg,1479233,{},9,5,"{""name"":""rect"",""x"":402,""y"":21,""width"":67,""height"":95}","{""Type"":""not_two_wheeler""}"
75.jpg,1479233,{},9,6,"{""name"":""rect"",""x"":339,""y"":187,""width"":98,""height"":137}","{""Type"":""two_wheeler_with_helmet""}"
75.jpg,1479233,{},9,7,"{""name"":""rect"",""x"":434,""y"":249,""width"":90,""height"":123}","{""Type"":""two_wheeler_with_helmet""}"
75.jpg,1479233,{},9,8,"{""name"":""rect"",""x"":840,""y"":19,""width"":76,""height"":114}","{""Type"":""two_wheeler_with_helmet""}"
76.jpg,1115609,{},3,0,"{""name"":""rect"",""x"":978,""y"":412,""width"":199,""height"":214}","{""Type"":""two_wheeler_without_helmet""}"
76.jpg,1115609,{},3,1,"{""name"":""rect"",""x"":923,""y"":150,""width"":110,""height"":139}","{""Type"":""two_wheeler_with_helmet""}"
76.jpg,1115609,{},3,2,"{""name"":""rect"",""x"":777,""y"":146,""width"":122,""height"":134}","{""Type"":""two_wheeler_without_helmet""}"
77.jpg,1362994,{},5,0,"{""name"":""rect"",""x"":1082,""y"":371,""width"":144,""height"":196}","{""Type"":""two_wheeler_without_helmet""}"
77.jpg,1362994,{},5,1,"{""name"":""rect"",""x"":845,""y"":375,""width"":158,""height"":223}","{""Type"":""two_wheeler_without_helmet""}"
77.jpg,1362994,{},5,2,"{""name"":""rect"",""x"":729,""y"":157,""width"":159,""height"":169}","{""Type"":""not_two_wheeler""}"
77.jpg,1362994,{},5,3,"{""name"":""rect"",""x"":729,""y"":13,""width"":95,""height"":83}","{""Type"":""not_two_wheeler""}"
77.jpg,1362994,{},5,4,"{""name"":""rect"",""x"":895,""y"":82,""width"":95,""height"":92}","{""Type"":""two_wheeler_with_helmet""}"
78.jpg,1052781,{},5,0,"{""name"":""rect"",""x"":284,""y"":311,""width"":186,""height"":164}","{""Type"":""two_wheeler_without_helmet""}"
78.jpg,1052781,{},5,1,"{""name"":""rect"",""x"":819,""y"":8,""width"":107,""height"":73}","{""Type"":""two_wheeler_without_helmet""}"
78.jpg,1052781,{},5,2,"{""name"":""rect"",""x"":757,""y"":44,""width"":77,""height"":87}","{""Type"":""two_wheeler_with_helmet""}"
78.jpg,1052781,{},5,3,"{""name"":""rect"",""x"":467,""y"":144,""width"":105,""height"":89}","{""Type"":""two_wheeler_with_helmet""}"
78.jpg,1052781,{},5,4,"{""name"":""rect"",""x"":435,""y"":58,""width"":149,""height"":96}","{""Type"":""not_two_wheeler""}"
79.jpg,1214447,{},5,0,"{""name"":""rect"",""x"":481,""y"":384,""width"":116,""height"":166}","{""Type"":""two_wheeler_with_helmet""}"
79.jpg,1214447,{},5,1,"{""name"":""rect"",""x"":250,""y"":407,""width"":126,""height"":185}","{""Type"":""two_wheeler_with_helmet""}"
79.jpg,1214447,{},5,2,"{""name"":""rect"",""x"":426,""y"":250,""width"":83,""height"":127}","{""Type"":""two_wheeler_without_helmet""}"
79.jpg,1214447,{},5,3,"{""name"":""rect"",""x"":600,""y"":71,""width"":68,""height"":109}","{""Type"":""two_wheeler_without_helmet""}"
79.jpg,1214447,{},5,4,"{""name"":""rect"",""x"":876,""y"":168,""width"":155,""height"":162}","{""Type"":""not_two_wheeler""}"
80.jpg,1130322,{},4,0,"{""name"":""rect"",""x"":349,""y"":238,""width"":128,""height"":144}","{""Type"":""two_wheeler_with_helmet""}"
80.jpg,1130322,{},4,1,"{""name"":""rect"",""x"":987,""y"":216,""width"":134,""height"":157}","{""Type"":""two_wheeler_with_helmet""}"
80.jpg,1130322,{},4,2,"{""name"":""rect"",""x"":778,""y"":44,""width"":90,""height"":104}","{""Type"":""two_wheeler_with_helmet""}"
80.jpg,1130322,{},4,3,"{""name"":""rect"",""x"":515,""y"":14,""width"":125,""height"":92}","{""Type"":""two_wheeler_without_helmet""}"
81.jpg,1137059,{},7,0,"{""name"":""rect"",""x"":534,""y"":366,""width"":121,""height"":169}","{""Type"":""two_wheeler_without_helmet""}"
81.jpg,1137059,{},7,1,"{""name"":""rect"",""x"":333,""y"":241,""width"":86,""height"":131}","{""Type"":""two_wheeler_without_helmet""}"
81.jpg,1137059,{},7,2,"{""name"":""rect"",""x"":402,""y"":331,""width"":112,""height"":135}","{""Type"":""two_wheeler_without_helmet""}"
81.jpg,1137059,{},7,3,"{""name"":""rect"",""x"":359,""y"":465,""width"":118,""height"":172}","{""Type"":""two_wheeler_without_helmet""}"
81.jpg,1137059,{},7,4,"{""name"":""rect"",""x"":231,""y"":402,""width"":134,""height"":158}","{""Type"":""two_wheeler_without_helmet""}"
81.jpg,1137059,{},7,5,"{""name"":""rect"",""x"":591,""y"":44,""width"":103,""height"":117}","{""Type"":""not_two_wheeler""}"
81.jpg,1137059,{},7,6,"{""name"":""rect"",""x"":817,""y"":15,""width"":103,""height"":107}","{""Type"":""not_two_wheeler""}"
82.jpg,1387763,{},8,0,"{""name"":""rect"",""x"":213,""y"":417,""width"":139,""height"":177}","{""Type"":""two_wheeler_without_helmet""}"
82.jpg,1387763,{},8,1,"{""name"":""rect"",""x"":447,""y"":173,""width"":104,""height"":112}","{""Type"":""two_wheeler_without_helmet""}"
82.jpg,1387763,{},8,2,"{""name"":""rect"",""x"":463,""y"":91,""width"":77,""height"":82}","{""Type"":""two_wheeler_without_helmet""}"
82.jpg,1387763,{},8,3,"{""name"":""rect"",""x"":864,""y"":53,""width"":101,""height"":89}","{""Type"":""two_wheeler_without_helmet""}"
82.jpg,1387763,{},8,4,"{""name"":""rect"",""x"":541,""y"":117,""width"":78,""height"":105}","{""Type"":""two_wheeler_with_helmet""}"
82.jpg,1387763,{},8,5,"{""name"":""rect"",""x"":338,""y"":525,""width"":302,""height"":193}","{""Type"":""not_two_wheeler""}"
82.jpg,1387763,{},8,6,"{""name"":""rect"",""x"":606,""y"":91,""width"":90,""height"":101}","{""Type"":""not_two_wheeler""}"
82.jpg,1387763,{},8,7,"{""name"":""rect"",""x"":602,""y"":14,""width"":103,""height"":73}","{""Type"":""not_two_wheeler""}"
83.jpg,1119729,{},8,0,"{""name"":""rect"",""x"":87,""y"":548,""width"":193,""height"":167}","{""Type"":""two_wheeler_with_helmet""}"
83.jpg,1119729,{},8,1,"{""name"":""rect"",""x"":865,""y"":347,""width"":146,""height"":195}","{""Type"":""two_wheeler_with_helmet""}"
83.jpg,1119729,{},8,2,"{""name"":""rect"",""x"":877,""y"":167,""width"":104,""height"":109}","{""Type"":""two_wheeler_with_helmet""}"
83.jpg,1119729,{},8,3,"{""name"":""rect"",""x"":597,""y"":189,""width"":82,""height"":103}","{""Type"":""two_wheeler_with_helmet""}"
83.jpg,1119729,{},8,4,"{""name"":""rect"",""x"":389,""y"":158,""width"":109,""height"":139}","{""Type"":""two_wheeler_without_helmet""}"
83.jpg,1119729,{},8,5,"{""name"":""rect"",""x"":878,""y"":74,""width"":95,""height"":91}","{""Type"":""two_wheeler_with_helmet""}"
83.jpg,1119729,{},8,6,"{""name"":""rect"",""x"":534,""y"":121,""width"":74,""height"":98}","{""Type"":""two_wheeler_without_helmet""}"
83.jpg,1119729,{},8,7,"{""name"":""rect"",""x"":481,""y"":21,""width"":118,""height"":98}","{""Type"":""not_two_wheeler""}"
84.jpg,1114308,{},6,0,"{""name"":""rect"",""x"":813,""y"":458,""width"":153,""height"":216}","{""Type"":""two_wheeler_without_helmet""}"
84.jpg,1114308,{},6,1,"{""name"":""rect"",""x"":829,""y"":236,""width"":127,""height"":149}","{""Type"":""two_wheeler_without_helmet""}"
84.jpg,1114308,{},6,2,"{""name"":""rect"",""x"":841,""y"":58,""width"":74,""height"":110}","{""Type"":""two_wheeler_without_helmet""}"
84.jpg,1114308,{},6,3,"{""name"":""rect"",""x"":946,""y"":94,""width"":77,""height"":126}","{""Type"":""two_wheeler_with_helmet""}"
84.jpg,1114308,{},6,4,"{""name"":""rect"",""x"":494,""y"":49,""width"":96,""height"":101}","{""Type"":""two_wheeler_with_helmet""}"
84.jpg,1114308,{},6,5,"{""name"":""rect"",""x"":738,""y"":23,""width"":105,""height"":107}","{""Type"":""not_two_wheeler""}"
85.jpg,1208372,{},3,0,"{""name"":""rect"",""x"":218,""y"":463,""width"":154,""height"":222}","{""Type"":""two_wheeler_without_helmet""}"
85.jpg,1208372,{},3,1,"{""name"":""rect"",""x"":868,""y"":349,""width"":149,""height"":177}","{""Type"":""two_wheeler_without_helmet""}"
85.jpg,1208372,{},3,2,"{""name"":""rect"",""x"":910,""y"":214,""width"":151,""height"":121}","{""Type"":""two_wheeler_without_helmet""}"
90.jpg,1514008,{},8,0,"{""name"":""rect"",""x"":376,""y"":442,""width"":229,""height"":277}","{""Type"":""not_two_wheeler""}"
90.jpg,1514008,{},8,1,"{""name"":""rect"",""x"":529,""y"":212,""width"":160,""height"":182}","{""Type"":""not_two_wheeler""}"
90.jpg,1514008,{},8,2,"{""name"":""rect"",""x"":587,""y"":64,""width"":113,""height"":127}","{""Type"":""not_two_wheeler""}"
90.jpg,1514008,{},8,3,"{""name"":""rect"",""x"":1069,""y"":334,""width"":136,""height"":223}","{""Type"":""two_wheeler_without_helmet""}"
90.jpg,1514008,{},8,4,"{""name"":""rect"",""x"":818,""y"":194,""width"":114,""height"":134}","{""Type"":""two_wheeler_without_helmet""}"
90.jpg,1514008,{},8,5,"{""name"":""rect"",""x"":983,""y"":176,""width"":108,""height"":137}","{""Type"":""two_wheeler_without_helmet""}"
90.jpg,1514008,{},8,6,"{""name"":""rect"",""x"":449,""y"":85,""width"":92,""height"":98}","{""Type"":""two_wheeler_without_helmet""}"
90.jpg,1514008,{},8,7,"{""name"":""rect"",""x"":892,""y"":51,""width"":90,""height"":113}","{""Type"":""two_wheeler_with_helmet""}"
91.jpg,1255499,{},5,0,"{""name"":""rect"",""x"":284,""y"":422,""width"":176,""height"":175}","{""Type"":""two_wheeler_with_helmet""}"
91.jpg,1255499,{},5,1,"{""name"":""rect"",""x"":456,""y"":222,""width"":119,""height"":134}","{""Type"":""two_wheeler_with_helmet""}"
91.jpg,1255499,{},5,2,"{""name"":""rect"",""x"":399,""y"":119,""width"":98,""height"":117}","{""Type"":""two_wheeler_with_helmet""}"
91.jpg,1255499,{},5,3,"{""name"":""rect"",""x"":544,""y"":113,""width"":103,""height"":127}","{""Type"":""two_wheeler_with_helmet""}"
91.jpg,1255499,{},5,4,"{""name"":""rect"",""x"":935,""y"":172,""width"":110,""height"":145}","{""Type"":""two_wheeler_without_helmet""}"
92.jpg,1243701,{},6,0,"{""name"":""rect"",""x"":1044,""y"":417,""width"":214,""height"":277}","{""Type"":""two_wheeler_with_helmet""}"
92.jpg,1243701,{},6,1,"{""name"":""rect"",""x"":819,""y"":45,""width"":83,""height"":100}","{""Type"":""two_wheeler_without_helmet""}"
92.jpg,1243701,{},6,2,"{""name"":""rect"",""x"":883,""y"":51,""width"":103,""height"":90}","{""Type"":""two_wheeler_without_helmet""}"
92.jpg,1243701,{},6,3,"{""name"":""rect"",""x"":340,""y"":573,""width"":291,""height"":144}","{""Type"":""not_two_wheeler""}"
92.jpg,1243701,{},6,4,"{""name"":""rect"",""x"":564,""y"":81,""width"":128,""height"":110}","{""Type"":""not_two_wheeler""}"
92.jpg,1243701,{},6,5,"{""name"":""rect"",""x"":610,""y"":14,""width"":91,""height"":71}","{""Type"":""not_two_wheeler""}"
93.jpg,1022465,{},4,0,"{""name"":""rect"",""x"":101,""y"":438,""width"":121,""height"":187}","{""Type"":""not_two_wheeler""}"
93.jpg,1022465,{},4,1,"{""name"":""rect"",""x"":213,""y"":519,""width"":245,""height"":199}","{""Type"":""not_two_wheeler""}"
93.jpg,1022465,{},4,2,"{""name"":""rect"",""x"":420,""y"":56,""width"":90,""height"":94}","{""Type"":""two_wheeler_with_helmet""}"
93.jpg,1022465,{},4,3,"{""name"":""rect"",""x"":499,""y"":14,""width"":86,""height"":91}","{""Type"":""two_wheeler_without_helmet""}"
94.jpg,1580773,{},12,0,"{""name"":""rect"",""x"":792,""y"":548,""width"":164,""height"":167}","{""Type"":""two_wheeler_with_helmet""}"
94.jpg,1580773,{},12,1,"{""name"":""rect"",""x"":1000,""y"":350,""width"":146,""height"":203}","{""Type"":""two_wheeler_without_helmet""}"
94.jpg,1580773,{},12,2,"{""name"":""rect"",""x"":759,""y"":143,""width"":86,""height"":130}","{""Type"":""two_wheeler_without_helmet""}"
94.jpg,1580773,{},12,3,"{""name"":""rect"",""x"":849,""y"":56,""width"":77,""height"":99}","{""Type"":""two_wheeler_without_helmet""}"
94.jpg,1580773,{},12,4,"{""name"":""rect"",""x"":549,""y"":227,""width"":77,""height"":130}","{""Type"":""two_wheeler_without_helmet""}"
94.jpg,1580773,{},12,5,"{""name"":""rect"",""x"":768,""y"":54,""width"":86,""height"":95}","{""Type"":""two_wheeler_without_helmet""}"
94.jpg,1580773,{},12,6,"{""name"":""rect"",""x"":693,""y"":3,""width"":89,""height"":104}","{""Type"":""two_wheeler_without_helmet""}"
94.jpg,1580773,{},12,7,"{""name"":""rect"",""x"":356,""y"":108,""width"":92,""height"":114}","{""Type"":""two_wheeler_without_helmet""}"
94.jpg,1580773,{},12,8,"{""name"":""rect"",""x"":444,""y"":132,""width"":71,""height"":101}","{""Type"":""two_wheeler_without_helmet""}"
94.jpg,1580773,{},12,9,"{""name"":""rect"",""x"":329,""y"":282,""width"":128,""height"":141}","{""Type"":""two_wheeler_without_helmet""}"
94.jpg,1580773,{},12,10,"{""name"":""rect"",""x"":243,""y"":404,""width"":144,""height"":171}","{""Type"":""two_wheeler_with_helmet""}"
94.jpg,1580773,{},12,11,"{""name"":""rect"",""x"":505,""y"":173,""width"":59,""height"":101}","{""Type"":""two_wheeler_with_helmet""}"
95.jpg,1182783,{},9,0,"{""name"":""rect"",""x"":955,""y"":198,""width"":103,""height"":157}","{""Type"":""two_wheeler_without_helmet""}"
95.jpg,1182783,{},9,1,"{""name"":""rect"",""x"":832,""y"":46,""width"":86,""height"":95}","{""Type"":""two_wheeler_without_helmet""}"
95.jpg,1182783,{},9,2,"{""name"":""rect"",""x"":442,""y"":168,""width"":77,""height"":107}","{""Type"":""two_wheeler_with_helmet""}"
95.jpg,1182783,{},9,3,"{""name"":""rect"",""x"":433,""y"":259,""width"":128,""height"":175}","{""Type"":""two_wheeler_with_helmet""}"
95.jpg,1182783,{},9,4,"{""name"":""rect"",""x"":330,""y"":229,""width"":118,""height"":184}","{""Type"":""two_wheeler_with_helmet""}"
95.jpg,1182783,{},9,5,"{""name"":""rect"",""x"":547,""y"":113,""width"":117,""height"":127}","{""Type"":""not_two_wheeler""}"
95.jpg,1182783,{},9,6,"{""name"":""rect"",""x"":511,""y"":35,""width"":51,""height"":90}","{""Type"":""two_wheeler_with_helmet""}"
95.jpg,1182783,{},9,7,"{""name"":""rect"",""x"":445,""y"":21,""width"":64,""height"":92}","{""Type"":""two_wheeler_with_helmet""}"
95.jpg,1182783,{},9,8,"{""name"":""rect"",""x"":558,""y"":48,""width"":67,""height"":77}","{""Type"":""two_wheeler_without_helmet""}"
96.jpg,1332382,{},8,0,"{""name"":""rect"",""x"":883,""y"":501,""width"":160,""height"":209}","{""Type"":""two_wheeler_without_helmet""}"
96.jpg,1332382,{},8,1,"{""name"":""rect"",""x"":379,""y"":252,""width"":132,""height"":148}","{""Type"":""two_wheeler_without_helmet""}"
96.jpg,1332382,{},8,2,"{""name"":""rect"",""x"":425,""y"":68,""width"":94,""height"":85}","{""Type"":""two_wheeler_without_helmet""}"
96.jpg,1332382,{},8,3,"{""name"":""rect"",""x"":867,""y"":96,""width"":104,""height"":118}","{""Type"":""two_wheeler_with_helmet""}"
96.jpg,1332382,{},8,4,"{""name"":""rect"",""x"":386,""y"":140,""width"":103,""height"":118}","{""Type"":""two_wheeler_with_helmet""}"
96.jpg,1332382,{},8,5,"{""name"":""rect"",""x"":524,""y"":117,""width"":151,""height"":163}","{""Type"":""not_two_wheeler""}"
96.jpg,1332382,{},8,6,"{""name"":""rect"",""x"":936,""y"":232,""width"":153,""height"":160}","{""Type"":""two_wheeler_with_helmet""}"
96.jpg,1332382,{},8,7,"{""name"":""rect"",""x"":552,""y"":1,""width"":109,""height"":85}","{""Type"":""not_two_wheeler""}"
97.jpg,1216412,{},6,0,"{""name"":""rect"",""x"":1004,""y"":319,""width"":143,""height"":190}","{""Type"":""two_wheeler_with_helmet""}"
97.jpg,1216412,{},6,1,"{""name"":""rect"",""x"":868,""y"":138,""width"":142,""height"":138}","{""Type"":""two_wheeler_with_helmet""}"
97.jpg,1216412,{},6,2,"{""name"":""rect"",""x"":419,""y"":166,""width"":120,""height"":118}","{""Type"":""two_wheeler_without_helmet""}"
97.jpg,1216412,{},6,3,"{""name"":""rect"",""x"":553,""y"":72,""width"":114,""height"":120}","{""Type"":""not_two_wheeler""}"
97.jpg,1216412,{},6,4,"{""name"":""rect"",""x"":446,""y"":94,""width"":89,""height"":84}","{""Type"":""two_wheeler_with_helmet""}"
97.jpg,1216412,{},6,5,"{""name"":""rect"",""x"":452,""y"":30,""width"":75,""height"":72}","{""Type"":""two_wheeler_without_helmet""}"
98.jpg,1138683,{},7,0,"{""name"":""rect"",""x"":267,""y"":407,""width"":132,""height"":189}","{""Type"":""two_wheeler_with_helmet""}"
98.jpg,1138683,{},7,1,"{""name"":""rect"",""x"":370,""y"":240,""width"":103,""height"":150}","{""Type"":""two_wheeler_without_helmet""}"
98.jpg,1138683,{},7,2,"{""name"":""rect"",""x"":293,""y"":208,""width"":92,""height"":137}","{""Type"":""not_two_wheeler""}"
98.jpg,1138683,{},7,3,"{""name"":""rect"",""x"":392,""y"":141,""width"":92,""height"":87}","{""Type"":""two_wheeler_with_helmet""}"
98.jpg,1138683,{},7,4,"{""name"":""rect"",""x"":543,""y"":158,""width"":127,""height"":160}","{""Type"":""not_two_wheeler""}"
98.jpg,1138683,{},7,5,"{""name"":""rect"",""x"":469,""y"":81,""width"":98,""height"":104}","{""Type"":""not_two_wheeler""}"
98.jpg,1138683,{},7,6,"{""name"":""rect"",""x"":818,""y"":17,""width"":78,""height"":89}","{""Type"":""two_wheeler_without_helmet""}"
99.jpg,1331385,{},11,0,"{""name"":""rect"",""x"":858,""y"":388,""width"":135,""height"":171}","{""Type"":""""}"
99.jpg,1331385,{},11,1,"{""name"":""rect"",""x"":350,""y"":466,""width"":279,""height"":246}","{""Type"":""not_two_wheeler""}"
99.jpg,1331385,{},11,2,"{""name"":""rect"",""x"":516,""y"":205,""width"":144,""height"":157}","{""Type"":""not_two_wheeler""}"
99.jpg,1331385,{},11,3,"{""name"":""rect"",""x"":761,""y"":230,""width"":91,""height"":159}","{""Type"":""two_wheeler_without_helmet""}"
99.jpg,1331385,{},11,4,"{""name"":""rect"",""x"":927,""y"":216,""width"":128,""height"":157}","{""Type"":""two_wheeler_without_helmet""}"
99.jpg,1331385,{},11,5,"{""name"":""rect"",""x"":42,""y"":632,""width"":143,""height"":83}","{""Type"":""two_wheeler_without_helmet""}"
99.jpg,1331385,{},11,6,"{""name"":""rect"",""x"":600,""y"":15,""width"":78,""height"":76}","{""Type"":""two_wheeler_without_helmet""}"
99.jpg,1331385,{},11,7,"{""name"":""rect"",""x"":438,""y"":27,""width"":69,""height"":74}","{""Type"":""two_wheeler_without_helmet""}"
99.jpg,1331385,{},11,8,"{""name"":""rect"",""x"":842,""y"":128,""width"":82,""height"":100}","{""Type"":""two_wheeler_with_helmet""}"
99.jpg,1331385,{},11,9,"{""name"":""rect"",""x"":479,""y"":128,""width"":63,""height"":96}","{""Type"":""two_wheeler_with_helmet""}"
99.jpg,1331385,{},11,10,"{""name"":""rect"",""x"":429,""y"":94,""width"":63,""height"":86}","{""Type"":""two_wheeler_with_helmet""}"
100.jpg,865603,{},2,0,"{""name"":""rect"",""x"":811,""y"":6,""width"":104,""height"":105}","{""Type"":""two_wheeler_without_helmet""}"
100.jpg,865603,{},2,1,"{""name"":""rect"",""x"":324,""y"":163,""width"":103,""height"":94}","{""Type"":""not_two_wheeler""}"
101.jpg,1046553,{},6,0,"{""name"":""rect"",""x"":304,""y"":295,""width"":145,""height"":156}","{""Type"":""two_wheeler_without_helmet""}"
101.jpg,1046553,{},6,1,"{""name"":""rect"",""x"":845,""y"":104,""width"":91,""height"":124}","{""Type"":""two_wheeler_without_helmet""}"
101.jpg,1046553,{},6,2,"{""name"":""rect"",""x"":460,""y"":397,""width"":160,""height"":198}","{""Type"":""two_wheeler_with_helmet""}"
101.jpg,1046553,{},6,3,"{""name"":""rect"",""x"":930,""y"":187,""width"":101,""height"":134}","{""Type"":""two_wheeler_with_helmet""}"
101.jpg,1046553,{},6,4,"{""name"":""rect"",""x"":738,""y"":6,""width"":84,""height"":90}","{""Type"":""two_wheeler_without_helmet""}"
101.jpg,1046553,{},6,5,"{""name"":""rect"",""x"":1,""y"":480,""width"":100,""height"":142}","{""Type"":""not_two_wheeler""}"
102.jpg,1040775,{},3,0,"{""name"":""rect"",""x"":1,""y"":487,""width"":87,""height"":118}","{""Type"":""not_two_wheeler""}"
102.jpg,1040775,{},3,1,"{""name"":""rect"",""x"":1197,""y"":259,""width"":79,""height"":162}","{""Type"":""not_two_wheeler""}"
102.jpg,1040775,{},3,2,"{""name"":""rect"",""x"":1025,""y"":360,""width"":187,""height"":224}","{""Type"":""two_wheeler_without_helmet""}"
103.jpg,986800,{},6,0,"{""name"":""rect"",""x"":969,""y"":273,""width"":127,""height"":159}","{""Type"":""two_wheeler_without_helmet""}"
103.jpg,986800,{},6,1,"{""name"":""rect"",""x"":928,""y"":163,""width"":77,""height"":127}","{""Type"":""two_wheeler_without_helmet""}"
103.jpg,986800,{},6,2,"{""name"":""rect"",""x"":828,""y"":84,""width"":80,""height"":103}","{""Type"":""two_wheeler_with_helmet""}"
103.jpg,986800,{},6,3,"{""name"":""rect"",""x"":345,""y"":274,""width"":151,""height"":169}","{""Type"":""two_wheeler_with_helmet""}"
103.jpg,986800,{},6,4,"{""name"":""rect"",""x"":421,""y"":76,""width"":113,""height"":91}","{""Type"":""two_wheeler_with_helmet""}"
103.jpg,986800,{},6,5,"{""name"":""rect"",""x"":745,""y"":49,""width"":93,""height"":104}","{""Type"":""two_wheeler_without_helmet""}"
104.jpg,1016079,{},5,0,"{""name"":""rect"",""x"":916,""y"":300,""width"":155,""height"":167}","{""Type"":""two_wheeler_without_helmet""}"
104.jpg,1016079,{},5,1,"{""name"":""rect"",""x"":1124,""y"":464,""width"":148,""height"":231}","{""Type"":""two_wheeler_without_helmet""}"
104.jpg,1016079,{},5,2,"{""name"":""rect"",""x"":937,""y"":183,""width"":149,""height"":127}","{""Type"":""two_wheeler_without_helmet""}"
104.jpg,1016079,{},5,3,"{""name"":""rect"",""x"":366,""y"":129,""width"":151,""height"":131}","{""Type"":""two_wheeler_without_helmet""}"
104.jpg,1016079,{},5,4,"{""name"":""rect"",""x"":557,""y"":14,""width"":124,""height"":131}","{""Type"":""not_two_wheeler""}"
105.jpg,1058774,{},3,0,"{""name"":""rect"",""x"":720,""y"":250,""width"":224,""height"":222}","{""Type"":""not_two_wheeler""}"
105.jpg,1058774,{},3,1,"{""name"":""rect"",""x"":1001,""y"":277,""width"":146,""height"":193}","{""Type"":""two_wheeler_without_helmet""}"
105.jpg,1058774,{},3,2,"{""name"":""rect"",""x"":414,""y"":79,""width"":111,""height"":128}","{""Type"":""two_wheeler_without_helmet""}"
106.jpg,1151591,{},5,0,"{""name"":""rect"",""x"":401,""y"":98,""width"":122,""height"":124}","{""Type"":""two_wheeler_without_helmet""}"
106.jpg,1151591,{},5,1,"{""name"":""rect"",""x"":896,""y"":72,""width"":114,""height"":108}","{""Type"":""two_wheeler_without_helmet""}"
106.jpg,1151591,{},5,2,"{""name"":""rect"",""x"":844,""y"":42,""width"":58,""height"":91}","{""Type"":""two_wheeler_without_helmet""}"
106.jpg,1151591,{},5,3,"{""name"":""rect"",""x"":802,""y"":238,""width"":165,""height"":181}","{""Type"":""two_wheeler_with_helmet""}"
106.jpg,1151591,{},5,4,"{""name"":""rect"",""x"":760,""y"":93,""width"":104,""height"":135}","{""Type"":""not_two_wheeler""}"
107.jpg,1256621,{},8,0,"{""name"":""rect"",""x"":977,""y"":394,""width"":156,""height"":211}","{""Type"":""two_wheeler_without_helmet""}"
107.jpg,1256621,{},8,1,"{""name"":""rect"",""x"":1056,""y"":293,""width"":121,""height"":153}","{""Type"":""two_wheeler_without_helmet""}"
107.jpg,1256621,{},8,2,"{""name"":""rect"",""x"":263,""y"":345,""width"":135,""height"":153}","{""Type"":""two_wheeler_without_helmet""}"
107.jpg,1256621,{},8,3,"{""name"":""rect"",""x"":335,""y"":487,""width"":132,""height"":211}","{""Type"":""two_wheeler_with_helmet""}"
107.jpg,1256621,{},8,4,"{""name"":""rect"",""x"":520,""y"":151,""width"":91,""height"":125}","{""Type"":""two_wheeler_with_helmet""}"
107.jpg,1256621,{},8,5,"{""name"":""rect"",""x"":399,""y"":100,""width"":103,""height"":127}","{""Type"":""two_wheeler_with_helmet""}"
107.jpg,1256621,{},8,6,"{""name"":""rect"",""x"":872,""y"":76,""width"":84,""height"":117}","{""Type"":""two_wheeler_without_helmet""}"
107.jpg,1256621,{},8,7,"{""name"":""rect"",""x"":733,""y"":73,""width"":156,""height"":169}","{""Type"":""not_two_wheeler""}"
108.jpg,1556945,{},7,0,"{""name"":""rect"",""x"":217,""y"":567,""width"":204,""height"":152}","{""Type"":""two_wheeler_without_helmet""}"
108.jpg,1556945,{},7,1,"{""name"":""rect"",""x"":897,""y"":139,""width"":111,""height"":142}","{""Type"":""two_wheeler_without_helmet""}"
108.jpg,1556945,{},7,2,"{""name"":""rect"",""x"":847,""y"":6,""width"":131,""height"":87}","{""Type"":""two_wheeler_without_helmet""}"
108.jpg,1556945,{},7,3,"{""name"":""rect"",""x"":238,""y"":404,""width"":153,""height"":169}","{""Type"":""two_wheeler_with_helmet""}"
108.jpg,1556945,{},7,4,"{""name"":""rect"",""x"":511,""y"":270,""width"":111,""height"":146}","{""Type"":""two_wheeler_with_helmet""}"
108.jpg,1556945,{},7,5,"{""name"":""rect"",""x"":318,""y"":242,""width"":125,""height"":170}","{""Type"":""two_wheeler_with_helmet""}"
108.jpg,1556945,{},7,6,"{""name"":""rect"",""x"":582,""y"":65,""width"":83,""height"":97}","{""Type"":""two_wheeler_with_helmet""}"
109.jpg,1435267,{},9,0,"{""name"":""rect"",""x"":373,""y"":257,""width"":103,""height"":122}","{""Type"":""two_wheeler_without_helmet""}"
109.jpg,1435267,{},9,1,"{""name"":""rect"",""x"":271,""y"":346,""width"":113,""height"":167}","{""Type"":""two_wheeler_without_helmet""}"
109.jpg,1435267,{},9,2,"{""name"":""rect"",""x"":549,""y"":44,""width"":77,""height"":103}","{""Type"":""two_wheeler_without_helmet""}"
109.jpg,1435267,{},9,3,"{""name"":""rect"",""x"":789,""y"":13,""width"":122,""height"":108}","{""Type"":""two_wheeler_without_helmet""}"
109.jpg,1435267,{},9,4,"{""name"":""rect"",""x"":429,""y"":110,""width"":107,""height"":98}","{""Type"":""two_wheeler_without_helmet""}"
109.jpg,1435267,{},9,5,"{""name"":""rect"",""x"":273,""y"":239,""width"":97,""height"":113}","{""Type"":""two_wheeler_with_helmet""}"
109.jpg,1435267,{},9,6,"{""name"":""rect"",""x"":308,""y"":127,""width"":139,""height"":118}","{""Type"":""two_wheeler_with_helmet""}"
109.jpg,1435267,{},9,7,"{""name"":""rect"",""x"":688,""y"":18,""width"":103,""height"":121}","{""Type"":""two_wheeler_with_helmet""}"
109.jpg,1435267,{},9,8,"{""name"":""rect"",""x"":477,""y"":203,""width"":151,""height"":143}","{""Type"":""not_two_wheeler""}"
110.jpg,1507378,{},8,0,"{""name"":""rect"",""x"":151,""y"":591,""width"":291,""height"":124}","{""Type"":""not_two_wheeler""}"
110.jpg,1507378,{},8,1,"{""name"":""rect"",""x"":440,""y"":324,""width"":186,""height"":222}","{""Type"":""not_two_wheeler""}"
110.jpg,1507378,{},8,2,"{""name"":""rect"",""x"":532,""y"":11,""width"":110,""height"":87}","{""Type"":""not_two_wheeler""}"
110.jpg,1507378,{},8,3,"{""name"":""rect"",""x"":795,""y"":359,""width"":191,""height"":193}","{""Type"":""two_wheeler_with_helmet""}"
110.jpg,1507378,{},8,4,"{""name"":""rect"",""x"":392,""y"":188,""width"":84,""height"":131}","{""Type"":""two_wheeler_with_helmet""}"
110.jpg,1507378,{},8,5,"{""name"":""rect"",""x"":826,""y"":30,""width"":104,""height"":104}","{""Type"":""two_wheeler_with_helmet""}"
110.jpg,1507378,{},8,6,"{""name"":""rect"",""x"":210,""y"":426,""width"":128,""height"":166}","{""Type"":""two_wheeler_without_helmet""}"
110.jpg,1507378,{},8,7,"{""name"":""rect"",""x"":736,""y"":10,""width"":90,""height"":98}","{""Type"":""two_wheeler_without_helmet""}"
111.jpg,1372839,{},8,0,"{""name"":""rect"",""x"":215,""y"":374,""width"":167,""height"":181}","{""Type"":""two_wheeler_with_helmet""}"
111.jpg,1372839,{},8,1,"{""name"":""rect"",""x"":308,""y"":224,""width"":152,""height"":122}","{""Type"":""two_wheeler_without_helmet""}"
111.jpg,1372839,{},8,2,"{""name"":""rect"",""x"":391,""y"":118,""width"":79,""height"":111}","{""Type"":""two_wheeler_with_helmet""}"
111.jpg,1372839,{},8,3,"{""name"":""rect"",""x"":928,""y"":207,""width"":110,""height"":172}","{""Type"":""two_wheeler_without_helmet""}"
111.jpg,1372839,{},8,4,"{""name"":""rect"",""x"":482,""y"":52,""width"":73,""height"":82}","{""Type"":""two_wheeler_without_helmet""}"
111.jpg,1372839,{},8,5,"{""name"":""rect"",""x"":837,""y"":62,""width"":97,""height"":101}","{""Type"":""two_wheeler_without_helmet""}"
111.jpg,1372839,{},8,6,"{""name"":""rect"",""x"":787,""y"":550,""width"":259,""height"":165}","{""Type"":""not_two_wheeler""}"
111.jpg,1372839,{},8,7,"{""name"":""rect"",""x"":558,""y"":0,""width"":105,""height"":73}","{""Type"":""not_two_wheeler""}"
112.jpg,1309688,{},10,0,"{""name"":""rect"",""x"":1065,""y"":293,""width"":115,""height"":180}","{""Type"":""two_wheeler_with_helmet""}"
112.jpg,1309688,{},10,1,"{""name"":""rect"",""x"":889,""y"":215,""width"":120,""height"":167}","{""Type"":""two_wheeler_with_helmet""}"
112.jpg,1309688,{},10,2,"{""name"":""rect"",""x"":329,""y"":357,""width"":163,""height"":174}","{""Type"":""two_wheeler_with_helmet""}"
112.jpg,1309688,{},10,3,"{""name"":""rect"",""x"":470,""y"":233,""width"":110,""height"":115}","{""Type"":""two_wheeler_without_helmet""}"
112.jpg,1309688,{},10,4,"{""name"":""rect"",""x"":422,""y"":124,""width"":105,""height"":101}","{""Type"":""two_wheeler_without_helmet""}"
112.jpg,1309688,{},10,5,"{""name"":""rect"",""x"":556,""y"":51,""width"":84,""height"":100}","{""Type"":""two_wheeler_without_helmet""}"
112.jpg,1309688,{},10,6,"{""name"":""rect"",""x"":370,""y"":200,""width"":90,""height"":135}","{""Type"":""two_wheeler_with_helmet""}"
112.jpg,1309688,{},10,7,"{""name"":""rect"",""x"":440,""y"":49,""width"":58,""height"":91}","{""Type"":""two_wheeler_with_helmet""}"
112.jpg,1309688,{},10,8,"{""name"":""rect"",""x"":506,""y"":60,""width"":60,""height"":82}","{""Type"":""two_wheeler_with_helmet""}"
112.jpg,1309688,{},10,9,"{""name"":""rect"",""x"":575,""y"":3,""width"":105,""height"":62}","{""Type"":""not_two_wheeler""}"
113.jpg,1338490,{},7,0,"{""name"":""rect"",""x"":143,""y"":253,""width"":146,""height"":173}","{""Type"":""not_two_wheeler""}"
113.jpg,1338490,{},7,1,"{""name"":""rect"",""x"":703,""y"":52,""width"":122,""height"":121}","{""Type"":""not_two_wheeler""}"
113.jpg,1338490,{},7,2,"{""name"":""rect"",""x"":449,""y"":56,""width"":113,""height"":110}","{""Type"":""not_two_wheeler""}"
113.jpg,1338490,{},7,3,"{""name"":""rect"",""x"":580,""y"":3,""width"":90,""height"":77}","{""Type"":""not_two_wheeler""}"
113.jpg,1338490,{},7,4,"{""name"":""rect"",""x"":353,""y"":277,""width"":107,""height"":142}","{""Type"":""two_wheeler_with_helmet""}"
113.jpg,1338490,{},7,5,"{""name"":""rect"",""x"":513,""y"":158,""width"":93,""height"":125}","{""Type"":""two_wheeler_with_helmet""}"
113.jpg,1338490,{},7,6,"{""name"":""rect"",""x"":381,""y"":162,""width"":100,""height"":117}","{""Type"":""two_wheeler_without_helmet""}"
114.jpg,1201798,{},6,0,"{""name"":""rect"",""x"":291,""y"":376,""width"":149,""height"":170}","{""Type"":""two_wheeler_with_helmet""}"
114.jpg,1201798,{},6,1,"{""name"":""rect"",""x"":374,""y"":255,""width"":135,""height"":136}","{""Type"":""two_wheeler_with_helmet""}"
114.jpg,1201798,{},6,2,"{""name"":""rect"",""x"":395,""y"":121,""width"":108,""height"":118}","{""Type"":""two_wheeler_with_helmet""}"
114.jpg,1201798,{},6,3,"{""name"":""rect"",""x"":114,""y"":502,""width"":141,""height"":188}","{""Type"":""two_wheeler_without_helmet""}"
114.jpg,1201798,{},6,4,"{""name"":""rect"",""x"":783,""y"":236,""width"":186,""height"":200}","{""Type"":""not_two_wheeler""}"
114.jpg,1201798,{},6,5,"{""name"":""rect"",""x"":523,""y"":87,""width"":139,""height"":132}","{""Type"":""not_two_wheeler""}"
115.jpg,936555,{},4,0,"{""name"":""rect"",""x"":712,""y"":103,""width"":142,""height"":158}","{""Type"":""not_two_wheeler""}"
115.jpg,936555,{},4,1,"{""name"":""rect"",""x"":983,""y"":250,""width"":107,""height"":177}","{""Type"":""two_wheeler_without_helmet""}"
115.jpg,936555,{},4,2,"{""name"":""rect"",""x"":837,""y"":56,""width"":100,""height"":105}","{""Type"":""two_wheeler_without_helmet""}"
115.jpg,936555,{},4,3,"{""name"":""rect"",""x"":419,""y"":38,""width"":149,""height"":129}","{""Type"":""two_wheeler_with_helmet""}"
116.jpg,1008446,{},6,0,"{""name"":""rect"",""x"":293,""y"":529,""width"":162,""height"":186}","{""Type"":""two_wheeler_without_helmet""}"
116.jpg,1008446,{},6,1,"{""name"":""rect"",""x"":207,""y"":373,""width"":124,""height"":165}","{""Type"":""two_wheeler_without_helmet""}"
116.jpg,1008446,{},6,2,"{""name"":""rect"",""x"":549,""y"":152,""width"":120,""height"":128}","{""Type"":""two_wheeler_without_helmet""}"
116.jpg,1008446,{},6,3,"{""name"":""rect"",""x"":774,""y"":58,""width"":113,""height"":117}","{""Type"":""two_wheeler_without_helmet""}"
116.jpg,1008446,{},6,4,"{""name"":""rect"",""x"":321,""y"":302,""width"":110,""height"":136}","{""Type"":""two_wheeler_with_helmet""}"
116.jpg,1008446,{},6,5,"{""name"":""rect"",""x"":437,""y"":152,""width"":86,""height"":108}","{""Type"":""two_wheeler_with_helmet""}"
117.jpg,1202275,{},5,0,"{""name"":""rect"",""x"":356,""y"":463,""width"":233,""height"":218}","{""Type"":""not_two_wheeler""}"
117.jpg,1202275,{},5,1,"{""name"":""rect"",""x"":494,""y"":111,""width"":128,""height"":139}","{""Type"":""not_two_wheeler""}"
117.jpg,1202275,{},5,2,"{""name"":""rect"",""x"":280,""y"":304,""width"":121,""height"":145}","{""Type"":""two_wheeler_without_helmet""}"
117.jpg,1202275,{},5,3,"{""name"":""rect"",""x"":554,""y"":25,""width"":63,""height"":80}","{""Type"":""two_wheeler_without_helmet""}"
117.jpg,1202275,{},5,4,"{""name"":""rect"",""x"":390,""y"":143,""width"":90,""height"":113}","{""Type"":""two_wheeler_with_helmet""}"
118.jpg,1263791,{},8,0,"{""name"":""rect"",""x"":1108,""y"":461,""width"":158,""height"":245}","{""Type"":""two_wheeler_without_helmet""}"
118.jpg,1263791,{},8,1,"{""name"":""rect"",""x"":710,""y"":179,""width"":86,""height"":156}","{""Type"":""two_wheeler_without_helmet""}"
118.jpg,1263791,{},8,2,"{""name"":""rect"",""x"":889,""y"":143,""width"":103,""height"":110}","{""Type"":""two_wheeler_without_helmet""}"
118.jpg,1263791,{},8,3,"{""name"":""rect"",""x"":858,""y"":72,""width"":69,""height"":93}","{""Type"":""two_wheeler_without_helmet""}"
118.jpg,1263791,{},8,4,"{""name"":""rect"",""x"":783,""y"":135,""width"":86,""height"":113}","{""Type"":""two_wheeler_with_helmet""}"
118.jpg,1263791,{},8,5,"{""name"":""rect"",""x"":532,""y"":63,""width"":104,""height"":83}","{""Type"":""not_two_wheeler""}"
118.jpg,1263791,{},8,6,"{""name"":""rect"",""x"":551,""y"":3,""width"":107,""height"":56}","{""Type"":""not_two_wheeler""}"
118.jpg,1263791,{},8,7,"{""name"":""rect"",""x"":738,""y"":6,""width"":68,""height"":73}","{""Type"":""two_wheeler_with_helmet""}"
